City,Month,Temperature_C,Rainfall_mm,Humidity_%,Soil_Moisture_%,Soil_Type,Latitude,Longitude,Distance_From_Coast_km,Groundwater_Depth_m
Delhi,Jan,29.483570765056164,120.58771880300598,69.20954606735205,43.93748201647134,Alluvial,28.6139,77.209,937.8764957615716,5
Delhi,Feb,26.308678494144075,278.7128513808203,91.379307262927,60.401841385372606,Alluvial,28.6139,77.209,937.8764957615716,5
Delhi,Mar,30.23844269050346,154.8649048100841,70.58158208910294,45.446247349663444,Alluvial,28.6139,77.209,937.8764957615716,5
Delhi,Apr,34.61514928204013,115.16232548453058,70.83738793501894,44.80567927070197,Alluvial,28.6139,77.209,937.8764957615716,5
Delhi,May,25.829233126383322,69.25230444210804,64.20319020473681,39.90696021168424,Alluvial,28.6139,77.209,937.8764957615716,5
Delhi,Jun,25.8293152152541,115.80015027006124,83.35353323627942,52.32812294716888,Alluvial,28.6139,77.209,937.8764957615716,5
Delhi,Jul,34.896064077536955,110.65745224085815,81.44703850716326,51.08137214911512,Alluvial,28.6139,77.209,937.8764957615716,5
Delhi,Aug,30.837173645764544,54.981537427074734,55.614840687556814,34.46853516107558,Alluvial,28.6139,77.209,937.8764957615716,5
Delhi,Sep,24.65262807032524,62.653422752505435,45.211292081018485,28.379843703661198,Alluvial,28.6139,77.209,937.8764957615716,5
Delhi,Oct,29.712800217929825,132.15687094512057,61.955290439065145,39.8163116823415,Alluvial,28.6139,77.209,937.8764957615716,5
Delhi,Nov,24.682911535937688,276.8868157955419,52.99942153403531,37.33738923633202,Alluvial,28.6139,77.209,937.8764957615716,5
Delhi,Dec,24.671351232148716,94.9929793358829,64.04713138076967,40.32813841517946,Alluvial,28.6139,77.209,937.8764957615716,5
Mumbai,Jan,28.20981135783017,24.546067503272763,83.56157202026209,50.62786456222271,Laterite,19.076,72.8777,0.0,20
Mumbai,Feb,17.43359877671101,39.92065917446852,58.14047517369815,35.68269828770826,Laterite,19.076,72.8777,0.0,20
Mumbai,Mar,18.375410837434835,165.5162445492262,64.35764928032637,41.92491445918034,Laterite,19.076,72.8777,0.0,20
Mumbai,Apr,24.188562353795135,29.99917663580285,65.87034102212593,40.122188145991615,Laterite,19.076,72.8777,0.0,20
Mumbai,May,21.93584439832788,183.94702004144568,77.72646323307927,50.314818340676474,Laterite,19.076,72.8777,0.0,20
Mumbai,Jun,28.571236662976368,159.2927563107568,31.29665999023092,21.963851120353688,Laterite,19.076,72.8777,0.0,20
Mumbai,Jul,22.459879622393945,92.5129085463677,55.89949557852055,35.389955518039685,Laterite,19.076,72.8777,0.0,20
Mumbai,Aug,19.938481493323543,55.40959174027671,68.16925538419208,42.00974506532078,Laterite,19.076,72.8777,0.0,20
Mumbai,Sep,34.32824384460777,82.45366685471251,83.00118434640292,51.449783944936,Laterite,19.076,72.8777,0.0,20
Mumbai,Oct,25.871118497567323,129.82406351470783,57.621463287406925,37.16935924273831,Laterite,19.076,72.8777,0.0,20
Mumbai,Nov,27.33764102343962,31.008790476605427,36.85170940937189,22.73120145515524,Laterite,19.076,72.8777,0.0,20
Mumbai,Dec,19.87625906893272,258.70291862913393,74.29567168949204,49.7514613862779,Laterite,19.076,72.8777,0.0,20
Chennai,Jan,24.278086377374088,128.9658994194275,55.46956416761556,35.861056488957885,Laterite,13.0827,80.2707,0.0,20
Chennai,Feb,27.55461294854933,139.71644649912938,47.155000113644576,31.087328998169333,Laterite,13.0827,80.2707,0.0,20
Chennai,Mar,21.245032112888488,158.50396071287582,55.63481915430164,36.5509707068385,Laterite,13.0827,80.2707,0.0,20
Chennai,Apr,28.87849009172836,242.3305599854745,62.232119635162256,42.185882980806845,Laterite,13.0827,80.2707,0.0,20
Chennai,May,23.996806550405974,116.00794020148307,55.92883003192681,35.877456823185746,Laterite,13.0827,80.2707,0.0,20
Chennai,Jun,25.541531251033618,165.58641321941278,31.916509143513963,22.46163375049663,Laterite,13.0827,80.2707,0.0,20
Chennai,Jul,23.991466938853016,56.224337465000104,78.45599295330697,48.198082521284185,Laterite,13.0827,80.2707,0.0,20
Chennai,Aug,36.26139092254469,314.42249065086247,84.12312561918083,56.76232518452574,Laterite,13.0827,80.2707,0.0,20
Chennai,Sep,26.93251387631033,110.25475885641576,74.77282987009258,47.06879309918386,Laterite,13.0827,80.2707,0.0,20
Chennai,Oct,21.711445355220498,55.978837643577776,47.93471494362775,29.880405719048206,Laterite,13.0827,80.2707,0.0,20
Chennai,Nov,31.112724560515943,69.26747442393213,61.97762699078723,38.57192568295098,Laterite,13.0827,80.2707,0.0,20
Chennai,Dec,20.895781750144888,13.431423149224436,64.90218027155812,39.20993662591936,Laterite,13.0827,80.2707,0.0,20
Kolkata,Jan,28.044317975023777,68.89684335407145,73.98191584342865,45.76708637313862,Alluvial,22.5726,88.3639,1358.3607154263377,5
Kolkata,Feb,17.201649380601122,5.237955382807854,75.02510733077122,45.11982350611889,Alluvial,22.5726,88.3639,1358.3607154263377,5
Kolkata,Mar,20.359069755507846,174.0526735803711,53.987393018322564,35.873489282600964,Alluvial,22.5726,88.3639,1358.3607154263377,5
Kolkata,Apr,27.984306179345616,136.7086496722227,66.22993334620341,42.4721330011665,Alluvial,22.5726,88.3639,1358.3607154263377,5
Kolkata,May,30.692332899977053,42.24284607700183,71.85920606922862,43.96038056307721,Alluvial,22.5726,88.3639,1358.3607154263377,5
Kolkata,Jun,27.85684140594985,96.34963476358176,86.83733483220149,54.02939359459253,Alluvial,22.5726,88.3639,1358.3607154263377,5
Kolkata,Jul,26.421758588058797,99.7212080072411,75.56759809737085,47.33498301856733,Alluvial,22.5726,88.3639,1358.3607154263377,5
Kolkata,Aug,25.494481522053555,34.434168488680534,76.83585031063278,46.79019355615328,Alluvial,22.5726,88.3639,1358.3607154263377,5
Kolkata,Sep,19.607390048162863,83.84212129685851,66.25739941894041,41.43128207730141,Alluvial,22.5726,88.3639,1358.3607154263377,5
Kolkata,Oct,23.400778958026457,102.09705855317064,86.15688717805256,53.73607347789495,Alluvial,22.5726,88.3639,1358.3607154263377,5
Kolkata,Nov,24.696806145201062,82.04966047869677,71.14644193939246,44.32885837320941,Alluvial,22.5726,88.3639,1358.3607154263377,5
Kolkata,Dec,32.285611131094576,55.929785764825205,52.08368134739644,32.36880452373437,Alluvial,22.5726,88.3639,1358.3607154263377,5
Bangalore,Jan,28.71809144784231,40.74999534681555,86.05054955187786,52.44532963806302,Red,12.9716,77.5946,290.1720249530604,15
Bangalore,Feb,18.18479922318633,79.76817867433124,75.46854908808541,46.87649302633787,Red,12.9716,77.5946,290.1720249530604,15
Bangalore,Mar,28.620419846973974,61.96081477597258,58.354339683072766,36.251820105363116,Red,12.9716,77.5946,290.1720249530604,15
Bangalore,Apr,25.074588597918417,151.2322228681095,57.80760548901135,37.709207750769004,Red,12.9716,77.5946,290.1720249530604,15
Bangalore,May,23.615389998470206,252.27431626222713,69.44863317711143,46.7146662315114,Red,12.9716,77.5946,290.1720249530604,15
Bangalore,Jun,30.05838144420434,190.08149693958535,71.94777192901377,46.97029309619997,Red,12.9716,77.5946,290.1720249530604,15
Bangalore,Jul,32.154997612479754,104.69042919002172,67.95938398446809,42.869438974481284,Red,12.9716,77.5946,290.1720249530604,15
Bangalore,Aug,31.656400595580994,57.792969263482476,69.66963010164328,42.95763744625562,Red,12.9716,77.5946,290.1720249530604,15
Bangalore,Sep,22.803912383886807,186.6036345706486,90.49936061864571,58.0316890626004,Red,12.9716,77.5946,290.1720249530604,15
Bangalore,Oct,25.453938120743928,157.71016022789465,81.07314728352328,51.798091574671865,Red,12.9716,77.5946,290.1720249530604,15
Bangalore,Nov,28.65631715701782,240.69104138045083,67.85953386897536,45.52954114899423,Red,12.9716,77.5946,290.1720249530604,15
Bangalore,Dec,31.877725635611796,116.10019235029392,79.11965871151224,49.79379907391323,Red,12.9716,77.5946,290.1720249530604,15
Hyderabad,Jan,24.60412881077355,303.74361333433006,49.512141447086904,35.78215713493874,Red,17.385,78.4867,515.2416343776237,15
Hyderabad,Feb,26.071705116680914,116.12682048494659,70.96890574920214,44.90387985922021,Red,17.385,78.4867,515.2416343776237,15
Hyderabad,Mar,21.46832512996986,57.55246705940087,92.13959524599665,56.43480648878601,Red,17.385,78.4867,515.2416343776237,15
Hyderabad,Apr,21.018966879596647,67.00624877707118,61.729311569114394,38.37771191701005,Red,17.385,78.4867,515.2416343776237,15
Hyderabad,May,31.062629111970992,146.21181483993462,52.28549107071373,34.29553093922693,Red,17.385,78.4867,515.2416343776237,15
Hyderabad,Jun,33.78120014285412,61.81899699507893,55.21866667110409,34.367579942564035,Red,17.385,78.4867,515.2416343776237,15
Hyderabad,Jul,26.63994939209833,302.3776481141164,48.655504439864174,35.24085562620083,Red,17.385,78.4867,515.2416343776237,15
Hyderabad,Aug,32.01766448946012,137.7480376731828,53.22857137808445,34.692103580314324,Red,17.385,78.4867,515.2416343776237,15
Hyderabad,Sep,28.80818012523817,102.97271652646042,59.442378521149564,37.72488144321894,Red,17.385,78.4867,515.2416343776237,15
Hyderabad,Oct,23.77440122697438,109.58871375724802,43.91649471232037,28.541671102537183,Red,17.385,78.4867,515.2416343776237,15
Hyderabad,Nov,28.80697802754207,81.35920535433688,65.23427500924404,40.76774911263317,Red,17.385,78.4867,515.2416343776237,15
Hyderabad,Dec,34.690182832329846,18.438852422127226,78.53415760679971,47.48927161252237,Red,17.385,78.4867,515.2416343776237,15
Ahmedabad,Jan,26.820869804450243,67.04773942356024,51.38365729779619,32.17114916714892,Black,23.0225,72.5714,207.69677867075887,10
Ahmedabad,Feb,34.82321827907003,278.18139946190564,87.78925885462652,58.237183302014024,Black,23.0225,72.5714,207.69677867075887,10
Ahmedabad,Mar,13.901274479551278,118.41299950124463,72.66188132791392,45.96538878677325,Black,23.0225,72.5714,207.69677867075887,10
Ahmedabad,Apr,31.10951252187612,205.01235821559573,80.45870878436085,52.375472434928426,Black,23.0225,72.5714,207.69677867075887,10
Ahmedabad,May,27.435235341190857,208.98574382850526,55.132481692217944,37.25920389190087,Black,23.0225,72.5714,207.69677867075887,10
Ahmedabad,Jun,25.504963247670663,97.04670652807837,77.81787840599924,48.63166117416111,Black,23.0225,72.5714,207.69677867075887,10
Ahmedabad,Jul,27.45880388267751,159.51702092093512,48.6209914940703,32.362935314860884,Black,23.0225,72.5714,207.69677867075887,10
Ahmedabad,Aug,17.062155426995538,20.850390562028696,78.35371251254763,47.42923531876915,Black,23.0225,72.5714,207.69677867075887,10
Ahmedabad,Sep,25.90164056081244,263.5168911007572,67.57759009690297,45.81689188015692,Black,23.0225,72.5714,207.69677867075887,10
Ahmedabad,Oct,28.78556285755873,249.51912647852353,73.29876829977175,48.96964350943352,Black,23.0225,72.5714,207.69677867075887,10
Ahmedabad,Nov,34.38947022370758,143.35628057663644,47.36608091562722,31.28677416090906,Black,23.0225,72.5714,207.69677867075887,10
Ahmedabad,Dec,24.40864890863176,121.58120915643805,51.57395236585093,33.375995602639314,Black,23.0225,72.5714,207.69677867075887,10
Pune,Jan,22.95753198553406,98.03362165943157,73.95842327380078,46.335726397469095,Black,18.5204,73.8567,120.15230196919634,10
Pune,Feb,24.491214782077318,221.12130065081,50.77477993663699,34.88729397499839,Black,18.5204,73.8567,120.15230196919634,10
Pune,Mar,31.57701058851037,172.47695764740968,71.94809438148684,46.61839578184029,Black,18.5204,73.8567,120.15230196919634,10
Pune,Apr,28.643755548298422,74.47075923141637,44.49293290309632,28.185174926486116,Black,18.5204,73.8567,120.15230196919634,10
Pune,May,24.351198981164806,35.92775504874235,77.72261319000002,47.35212301497486,Black,18.5204,73.8567,120.15230196919634,10
Pune,Jun,29.56633716556678,29.50287929572366,46.51215027847236,28.49734775299789,Black,18.5204,73.8567,120.15230196919634,10
Pune,Jul,27.4853877467402,219.56019282492775,73.28449906519285,48.36190329561426,Black,18.5204,73.8567,120.15230196919634,10
Pune,Aug,31.843224952664446,96.40940059379982,74.38446400469002,46.55886641469,Black,18.5204,73.8567,120.15230196919634,10
Pune,Sep,23.489734530613237,141.68964837481064,54.54842272355638,35.56284660163004,Black,18.5204,73.8567,120.15230196919634,10
Pune,Oct,25.361689267011158,106.06941055442636,73.7303985062709,46.35962731485107,Black,18.5204,73.8567,120.15230196919634,10
Pune,Nov,25.039459234339212,29.90597305213382,68.90663395000334,41.94209983104468,Black,18.5204,73.8567,120.15230196919634,10
Pune,Dec,19.682425259339407,21.39462084784183,56.91737215710893,34.578315711222196,Black,18.5204,73.8567,120.15230196919634,10
Jaipur,Jan,28.48060138532288,70.36892839048585,49.871679738856876,31.33038641112384,Arid,26.9124,75.7873,705.4660945971132,30
Jaipur,Feb,28.305276360899448,75.35173552687644,35.56061462491131,22.843403485484313,Arid,26.9124,75.7873,705.4660945971132,30
Jaipur,Mar,27.025567283212304,75.3129001556298,70.2447507094954,43.653108428809844,Arid,26.9124,75.7873,705.4660945971132,30
Jaipur,Apr,25.827064333124266,77.09796475073969,41.52795842956917,26.458734352756295,Arid,26.9124,75.7873,705.4660945971132,30
Jaipur,May,19.92314628974793,362.5393702438128,66.43016299161962,47.10888519984803,Arid,26.9124,75.7873,705.4660945971132,30
Jaipur,Jun,24.896773386173205,202.91758574122838,61.048276758766264,40.68731777008433,Arid,26.9124,75.7873,705.4660945971132,30
Jaipur,Jul,25.286427417366152,119.66037123760879,75.18714163157293,47.50549240369593,Arid,26.9124,75.7873,705.4660945971132,30
Jaipur,Aug,22.988613653891903,94.55569323527321,60.469317507652036,38.17270436929669,Arid,26.9124,75.7873,705.4660945971132,30
Jaipur,Sep,26.193571441669953,97.14439908471593,60.05828320479363,37.9778579045705,Arid,26.9124,75.7873,705.4660945971132,30
Jaipur,Oct,29.020254284072692,168.16220255337407,75.97806056432444,48.95008038966214,Arid,26.9124,75.7873,705.4660945971132,30
Jaipur,Nov,36.43092950605265,93.87711870139603,70.02587043626177,43.89306463578498,Arid,26.9124,75.7873,705.4660945971132,30
Jaipur,Dec,27.872889064159196,189.09595349047981,69.74233935774167,45.6273226844546,Arid,26.9124,75.7873,705.4660945971132,30
Lucknow,Jan,28.28775195361382,129.31156993061765,72.03901384712789,45.80963970688909,Alluvial,26.8467,80.9462,1037.6852839132334,5
Lucknow,Feb,26.627770421169163,364.668905032482,41.966418151893414,32.47322899178569,Alluvial,26.8467,80.9462,1037.6852839132334,5
Lucknow,Mar,17.406143923504793,89.57245727817892,76.35183019980472,47.60254726544641,Alluvial,26.8467,80.9462,1037.6852839132334,5
Lucknow,Apr,26.867430622753915,212.74345070887983,74.18703191020404,48.76708816030002,Alluvial,26.8467,80.9462,1037.6852839132334,5
Lucknow,May,27.301151049705133,39.1415878082397,49.74975307135254,30.632683598976318,Alluvial,26.8467,80.9462,1037.6852839132334,5
Lucknow,Jun,39.316210562426434,59.04705114316101,61.33879289488698,37.98421675979541,Alluvial,26.8467,80.9462,1037.6852839132334,5
Lucknow,Jul,26.038195176094387,333.6006345688021,64.41039068558553,45.318247102727355,Alluvial,26.8467,80.9462,1037.6852839132334,5
Lucknow,Aug,28.507736711668063,183.66927678406827,62.98254823397401,41.46291447606576,Alluvial,26.8467,80.9462,1037.6852839132334,5
Lucknow,Sep,26.826441151473784,143.5190037121793,70.00789949852802,44.875119773360396,Alluvial,26.8467,80.9462,1037.6852839132334,5
Lucknow,Oct,21.15660981190234,425.593249470195,86.47050172746775,60.394166025884545,Alluvial,26.8467,80.9462,1037.6852839132334,5
Lucknow,Nov,32.7141140725751,95.60293641598048,81.22650091509243,50.647959277375065,Alluvial,26.8467,80.9462,1037.6852839132334,5
Lucknow,Dec,30.759665163433873,212.40320918490525,45.31671209852891,31.438091442815452,Alluvial,26.8467,80.9462,1037.6852839132334,5
Kanpur,Jan,30.955159735215233,223.00683654785283,74.33104985459073,49.05876664371149,Alluvial,20.0,78.0,546.4947571811562,5
Kanpur,Feb,22.453062726026303,287.3888413662808,84.93399979303115,56.708176703144304,Alluvial,20.0,78.0,546.4947571811562,5
Kanpur,Mar,34.013971554680495,34.89358069891554,70.80212781033804,43.179148300181126,Alluvial,20.0,78.0,546.4947571811562,5
Kanpur,Apr,19.990744686038596,95.11368541806057,81.3647063777895,50.721097535034914,Alluvial,20.0,78.0,546.4947571811562,5
Kanpur,May,29.934285469001352,127.68868717721476,95.18405668551148,59.66420775485118,Alluvial,20.0,78.0,546.4947571811562,5
Kanpur,Jun,37.952278129049894,284.31218738302323,80.35564319160471,53.89962966262329,Alluvial,20.0,78.0,546.4947571811562,5
Kanpur,Jul,22.04731837434656,139.4050639541315,68.73962893462593,44.031878639858185,Alluvial,20.0,78.0,546.4947571811562,5
Kanpur,Aug,24.16851135198614,223.32962621665496,80.6763271112713,52.87238879109589,Alluvial,20.0,78.0,546.4947571811562,5
Kanpur,Sep,27.498256825438204,31.865820675378608,67.17331749645336,40.941306911379584,Alluvial,20.0,78.0,546.4947571811562,5
Kanpur,Oct,24.482621729419005,78.67635832083137,65.35854564927433,40.788654555981225,Alluvial,20.0,78.0,546.4947571811562,5
Kanpur,Nov,19.246682844669337,248.89485556669393,59.72878646429401,40.81516898991028,Alluvial,20.0,78.0,546.4947571811562,5
Kanpur,Dec,27.342814874030136,87.18406762045119,88.45120038248163,54.814401581898004,Alluvial,20.0,78.0,546.4947571811562,5
Nagpur,Jan,21.688481431369475,101.21160847970046,52.72357001086998,33.65837417611599,Black,20.0,78.0,546.4947571811562,10
Nagpur,Feb,29.36796215317591,281.3369173736537,87.98551587017174,58.418047869576114,Black,20.0,78.0,546.4947571811562,10
Nagpur,Mar,22.402878828830985,47.6957139344198,72.49796185610558,44.45269139235174,Black,20.0,78.0,546.4947571811562,10
Nagpur,Apr,34.7496720250877,58.222635396448034,44.01040737797088,27.570697134711487,Black,20.0,78.0,546.4947571811562,10
Nagpur,May,23.083733538318814,28.538376553500257,70.51473939487133,42.8796111679928,Black,20.0,78.0,546.4947571811562,10
Nagpur,Jun,25.38969241897162,288.7349184354659,33.49960238522564,25.8744597998447,Black,20.0,78.0,546.4947571811562,10
Nagpur,Jul,31.067586086848348,200.38722694459014,74.38262025246553,48.63731669037112,Black,20.0,78.0,546.4947571811562,10
Nagpur,Aug,20.845678417830225,196.95336693356762,78.27847224483486,50.906150685572264,Black,20.0,78.0,546.4947571811562,10
Nagpur,Sep,28.137299673020646,76.88997981274703,56.1146606652192,35.20659599538646,Black,20.0,78.0,546.4947571811562,10
Nagpur,Oct,33.53571377141214,26.363851062717732,66.85321543933374,40.639206284854595,Black,20.0,78.0,546.4947571811562,10
Nagpur,Nov,18.96258382719386,19.026799049035766,94.31236150625429,56.96795288473329,Black,20.0,78.0,546.4947571811562,10
Nagpur,Dec,27.92316929266152,250.1154549886267,57.41379943607095,39.450588761415105,Black,20.0,78.0,546.4947571811562,10
Indore,Jan,28.299413971242117,150.34874971722834,49.11638619415099,32.47680671083516,Black,20.0,78.0,546.4947571811562,10
Indore,Feb,30.90911435888655,171.05823743743096,87.22495103693899,55.756135370912006,Black,20.0,78.0,546.4947571811562,10
Indore,Mar,20.81524644560959,123.40063733807243,94.43880785796192,59.131297461538594,Black,20.0,78.0,546.4947571811562,10
Indore,Apr,20.397716934578618,52.22964464899635,65.0554350777177,40.07785393961055,Black,20.0,78.0,546.4947571811562,10
Indore,May,29.60970782808449,79.79651149232286,80.17194553112535,49.699097548521664,Black,20.0,78.0,546.4947571811562,10
Indore,Jun,28.48492336616593,41.30722939456003,85.12213873296321,51.89942782766912,Black,20.0,78.0,546.4947571811562,10
Indore,Jul,28.252464251729382,36.56094107602386,53.86273651192424,33.048860728675024,Black,20.0,78.0,546.4947571811562,10
Indore,Aug,28.732241047484877,189.33163774794855,57.72041246948198,38.41888023664816,Black,20.0,78.0,546.4947571811562,10
Indore,Sep,23.599876392107547,21.011268025448977,83.46311769732102,50.498095978901596,Black,20.0,78.0,546.4947571811562,10
Indore,Oct,28.161268485805017,41.570017585513725,90.27521418062764,54.996528860086855,Black,20.0,78.0,546.4947571811562,10
Indore,Nov,28.465362366493405,83.58968083245493,73.44321290261533,45.737721358218295,Black,20.0,78.0,546.4947571811562,10
Indore,Dec,23.42824290986816,108.38644565905508,51.802784697469185,33.24939973166261,Black,20.0,78.0,546.4947571811562,10
Bhopal,Jan,36.328872555723784,28.17277230813317,94.80591667549162,57.447005451457635,Alluvial,20.0,78.0,546.4947571811562,5
Bhopal,Feb,29.36916460455894,138.14649094439872,57.03543653282053,36.98419173858029,Alluvial,20.0,78.0,546.4947571811562,5
Bhopal,Mar,21.043482513986756,118.36638950492247,59.97293328242822,38.351087759555384,Alluvial,20.0,78.0,546.4947571811562,5
Bhopal,Apr,30.28276804316915,247.25303221999548,70.13506751734432,47.026101154806504,Alluvial,20.0,78.0,546.4947571811562,5
Bhopal,May,22.126591648863393,109.77540602382568,88.31240631072161,55.18295190690948,Alluvial,20.0,78.0,546.4947571811562,5
Bhopal,Jun,30.93542301871226,148.26318282071924,77.80963964828335,49.65104744538439,Alluvial,20.0,78.0,546.4947571811562,5
Bhopal,Jul,32.79297789503702,54.88433546112014,71.22298250542866,43.83147621247959,Alluvial,20.0,78.0,546.4947571811562,5
Bhopal,Aug,22.89658840824145,56.939239801931706,71.9493279517716,44.30838156710159,Alluvial,20.0,78.0,546.4947571811562,5
Bhopal,Sep,31.81688064622161,31.28199145516474,65.65272002965199,40.01727184689448,Alluvial,20.0,78.0,546.4947571811562,5
Bhopal,Oct,29.06390463468249,55.35750262347458,73.37209271777759,45.13040568313605,Alluvial,20.0,78.0,546.4947571811562,5
Bhopal,Nov,31.11030079997245,78.84903450026678,27.056598834585458,17.81093999075661,Alluvial,20.0,78.0,546.4947571811562,5
Bhopal,Dec,36.48396491326974,231.1306699815879,60.55088811395302,40.95314626800357,Alluvial,20.0,78.0,546.4947571811562,5
Patna,Jan,25.773059419985646,48.24701292765897,68.61982902375172,42.136837672804205,Alluvial,20.0,78.0,546.4947571811562,5
Patna,Feb,23.23131917821255,375.18748352672196,47.73478874570739,36.14462291795887,Alluvial,20.0,78.0,546.4947571811562,5
Patna,Mar,22.552427851872384,157.5638087132783,70.7948497671734,45.62818603456961,Alluvial,20.0,78.0,546.4947571811562,5
Patna,Apr,22.920948575172808,135.5992981426185,61.932931685208175,39.87174497397727,Alluvial,20.0,78.0,546.4947571811562,5
Patna,May,26.614491452929478,103.43215568118895,91.33213547473235,56.86792439846319,Alluvial,20.0,78.0,546.4947571811562,5
Patna,Jun,28.70575987408322,89.03999763155586,88.59529587822284,54.93797747956482,Alluvial,20.0,78.0,546.4947571811562,5
Patna,Jul,28.383453996650097,62.734565148961124,58.012916463227555,36.062441180915755,Alluvial,20.0,78.0,546.4947571811562,5
Patna,Aug,31.13591624518012,26.99849420954901,62.73743432649957,38.18243048009072,Alluvial,20.0,78.0,546.4947571811562,5
Patna,Sep,27.065009459389536,49.77197288225644,63.89078651587411,39.32991136716959,Alluvial,20.0,78.0,546.4947571811562,5
Patna,Oct,34.26767038578659,288.2799320125376,58.22510785760566,40.70066335481415,Alluvial,20.0,78.0,546.4947571811562,5
Patna,Nov,25.67671583381022,150.86514907679322,67.9253747604219,43.772527837789006,Alluvial,20.0,78.0,546.4947571811562,5
Patna,Dec,40.600845832948096,286.60122143155814,53.625768966686145,37.907485808642846,Alluvial,20.0,78.0,546.4947571811562,5
Ranchi,Jan,30.12833673882503,61.37146402644943,48.04076997593711,30.051891266091253,Alluvial,20.0,78.0,546.4947571811562,5
Ranchi,Feb,22.714212217918586,40.19324667508094,74.34066835850403,45.40826594860404,Alluvial,20.0,78.0,546.4947571811562,5
Ranchi,Mar,21.64553750969444,102.6633959096383,74.44294376332716,46.71903417618906,Alluvial,20.0,78.0,546.4947571811562,5
Ranchi,Apr,29.412362076215928,51.42954537729111,52.93526360510012,32.78974907060589,Alluvial,20.0,78.0,546.4947571811562,5
Ranchi,May,25.882686073370746,119.22409061387012,78.430331461439,49.44268068914079,Alluvial,20.0,78.0,546.4947571811562,5
Ranchi,Jun,30.57000247046046,21.413641464379516,55.52633406252003,33.74407326679961,Alluvial,20.0,78.0,546.4947571811562,5
Ranchi,Jul,29.366188122867726,11.423921129987084,68.79747857056972,41.506965564941574,Alluvial,20.0,78.0,546.4947571811562,5
Ranchi,Aug,26.635855436715637,131.86275332519313,77.30516018918684,49.020351180015965,Alluvial,20.0,78.0,546.4947571811562,5
Ranchi,Sep,22.766031409657977,293.56098375379463,64.49581152944431,44.56870659274248,Alluvial,20.0,78.0,546.4947571811562,5
Ranchi,Oct,19.425763876570677,136.09524957621485,71.82111368211702,45.814573200794506,Alluvial,20.0,78.0,546.4947571811562,5
Ranchi,Nov,24.767425239664895,149.7819865281851,57.25355534168642,37.347772935575556,Alluvial,20.0,78.0,546.4947571811562,5
Ranchi,Dec,31.28199397161736,106.00364447531395,62.05300124857854,39.3518736386534,Alluvial,20.0,78.0,546.4947571811562,5
Raipur,Jan,28.07046872065102,113.70065663674791,61.9121085367949,39.421278254811895,Red,20.0,78.0,546.4947571811562,15
Raipur,Feb,20.771306106440058,25.602427070766577,53.80132480189641,32.792843422553176,Red,20.0,78.0,546.4947571811562,15
Raipur,Mar,27.86590462925591,53.161223184354725,62.348387553263265,38.47225699564505,Red,20.0,78.0,546.4947571811562,15
Raipur,Apr,28.926586898644185,229.5568906558274,41.7707255170438,29.65357312334283,Red,20.0,78.0,546.4947571811562,15
Raipur,May,22.580712818994336,77.43886655205277,57.63269379286843,36.12839360676212,Red,20.0,78.0,546.4947571811562,15
Raipur,Jun,27.76862552972764,226.4711786870421,60.726867599454934,40.9655441334138,Red,20.0,78.0,546.4947571811562,15
Raipur,Jul,27.29104359223,111.38391783412949,61.1573037125693,38.92206058422417,Red,20.0,78.0,546.4947571811562,15
Raipur,Aug,21.285148510846884,115.62591056388925,61.377538311938316,39.13904119844077,Red,20.0,78.0,546.4947571811562,15
Raipur,Sep,28.788936801741418,77.91615860355819,64.07353700209806,40.00244537333,Red,20.0,78.0,546.4947571811562,15
Raipur,Oct,29.80392263184117,165.48939137201458,72.19162277129095,46.62476149021486,Red,20.0,78.0,546.4947571811562,15
Raipur,Nov,32.41525621587638,193.91870805543795,78.11775611198783,50.74902782830146,Red,20.0,78.0,546.4947571811562,15
Raipur,Dec,32.26901026017451,50.63728582292461,55.25352159727599,34.16485867482408,Red,20.0,78.0,546.4947571811562,15
Chandigarh,Jan,20.111653160214544,28.265834343304437,46.951987169162834,28.73650898836379,Alluvial,20.0,78.0,546.4947571811562,5
Chandigarh,Feb,22.310874800424386,14.544345421217935,49.36933381635345,29.91248719823643,Alluvial,20.0,78.0,546.4947571811562,5
Chandigarh,Mar,29.5751763360433,144.73559101514542,57.69195618207609,37.50988552954856,Alluvial,20.0,78.0,546.4947571811562,5
Chandigarh,Apr,29.568929754561044,133.22003089340592,59.72118023275236,38.497108757519534,Alluvial,20.0,78.0,546.4947571811562,5
Chandigarh,May,29.575238431530238,444.07825430345144,53.45005900703814,40.951600490291916,Alluvial,20.0,78.0,546.4947571811562,5
Chandigarh,Jun,45.0,106.47333890736246,45.55825003625158,29.464416799898196,Alluvial,20.0,78.0,546.4947571811562,5
Chandigarh,Jul,29.854452553465833,92.53395904957084,58.15818758788718,36.74559173372373,Alluvial,20.0,78.0,546.4947571811562,5
Chandigarh,Aug,32.677828200902994,122.17500121372075,67.72139930170957,43.076339605300156,Alluvial,20.0,78.0,546.4947571811562,5
Chandigarh,Sep,31.770008817466014,127.04570145347037,73.92544198753347,46.89617922158949,Alluvial,20.0,78.0,546.4947571811562,5
Chandigarh,Oct,30.25695625652899,87.05067498222422,56.63865420337518,35.72420602166959,Alluvial,20.0,78.0,546.4947571811562,5
Chandigarh,Nov,25.42365377679827,52.140245868968236,58.80503266784849,36.32582451808845,Alluvial,20.0,78.0,546.4947571811562,5
Chandigarh,Dec,30.794846102466337,102.19882514069143,51.09952536729034,32.70369172318803,Alluvial,20.0,78.0,546.4947571811562,5
Bhubaneswar,Jan,23.13587392731214,99.29530737397175,64.52841244437835,40.70295361410644,Laterite,20.2961,85.8245,996.3252665315658,20
Bhubaneswar,Feb,25.815906966299956,98.07392010193686,52.27357048713778,33.32562069432141,Laterite,20.2961,85.8245,996.3252665315658,20
Bhubaneswar,Mar,24.573182260854484,177.66008871763788,73.596917198618,47.71135209352356,Laterite,20.2961,85.8245,996.3252665315658,20
Bhubaneswar,Apr,27.409370696931614,100.80405592952742,38.21200262098833,24.943282691183544,Laterite,20.2961,85.8245,996.3252665315658,20
Bhubaneswar,May,38.573292833367546,28.917895726676953,59.60555491321306,36.34169086246138,Laterite,20.2961,85.8245,996.3252665315658,20
Bhubaneswar,Jun,17.66367403704126,59.82771860695168,69.51661008787613,42.90652042486471,Laterite,20.2961,85.8245,996.3252665315658,20
Bhubaneswar,Jul,30.43130095187257,86.20517959076562,67.75751774483757,42.37861423871786,Laterite,20.2961,85.8245,996.3252665315658,20
Bhubaneswar,Aug,18.936420644051744,104.45258153365988,100.0,62.0890516306732,Laterite,20.2961,85.8245,996.3252665315658,20
Bhubaneswar,Sep,24.640340671052833,146.89713302534835,70.24700036851861,45.08614288161814,Laterite,20.2961,85.8245,996.3252665315658,20
Bhubaneswar,Oct,32.44475298483683,105.07776704411394,49.93918104736984,32.065063969304184,Laterite,20.2961,85.8245,996.3252665315658,20
Bhubaneswar,Nov,27.321400095477316,11.760342950387008,63.5680362936639,38.376028635206076,Laterite,20.2961,85.8245,996.3252665315658,20
Bhubaneswar,Dec,21.61127611035347,32.51754900693342,38.356304998003225,23.6641339789406,Laterite,20.2961,85.8245,996.3252665315658,20
Cuttack,Jan,23.42348145370016,154.04024314898564,63.791003760548584,41.35540711930886,Alluvial,20.0,78.0,546.4947571811562,5
Cuttack,Feb,30.39798874467338,84.36120531963998,52.50415914498862,33.189719593385966,Alluvial,20.0,78.0,546.4947571811562,5
Cuttack,Mar,23.34816684141432,111.9634279928472,78.73085413340243,49.4777810398984,Alluvial,20.0,78.0,546.4947571811562,5
Cuttack,Apr,28.082292947909874,76.09604167651561,56.756895881066974,35.57605836217049,Alluvial,20.0,78.0,546.4947571811562,5
Cuttack,May,27.22785919951907,59.61400745112422,63.2485112630713,39.141386906865264,Alluvial,20.0,78.0,546.4947571811562,5
Cuttack,Jun,23.741998261970913,78.35292397314775,55.46663237893395,34.847037906823324,Alluvial,20.0,78.0,546.4947571811562,5
Cuttack,Jul,37.719720446626624,112.96081385920984,91.08277027779997,56.908878443864175,Alluvial,20.0,78.0,546.4947571811562,5
Cuttack,Aug,30.169595111590056,100.23612931995083,60.18135850823133,38.11353769133781,Alluvial,20.0,78.0,546.4947571811562,5
Cuttack,Sep,16.874287066711965,193.058953028847,92.48835565218803,59.35419245188976,Alluvial,20.0,78.0,546.4947571811562,5
Cuttack,Oct,27.93227157384714,23.442971508108943,77.212276431774,46.79622528922658,Alluvial,20.0,78.0,546.4947571811562,5
Cuttack,Nov,23.69106767615806,27.093225845218484,72.23100091003079,43.88046506292284,Alluvial,20.0,78.0,546.4947571811562,5
Cuttack,Dec,31.26216667398112,83.58059083909865,70.5309972097628,43.990210142639654,Alluvial,20.0,78.0,546.4947571811562,5
Guwahati,Jan,23.037396307836495,148.0784157369,70.90695947324377,45.50574399868427,Alluvial,20.0,78.0,546.4947571811562,5
Guwahati,Feb,26.426317792665504,171.08334066658966,36.08491130981585,25.072613599221302,Alluvial,20.0,78.0,546.4947571811562,5
Guwahati,Mar,29.524936394902287,61.66115547967288,60.81674908773865,37.72327256223665,Alluvial,20.0,78.0,546.4947571811562,5
Guwahati,Apr,31.328775970850607,3.6263296376547483,77.67736956776483,46.67894833341199,Alluvial,20.0,78.0,546.4947571811562,5
Guwahati,May,20.998517964721117,63.37518791465542,64.26654224788842,39.82742910702616,Alluvial,20.0,78.0,546.4947571811562,5
Guwahati,Jun,25.327493820795258,133.5227461681863,43.922152297946376,29.02374630213155,Alluvial,20.0,78.0,546.4947571811562,5
Guwahati,Jul,24.62527344419522,98.81878583505977,64.21393324133795,40.50473566150397,Alluvial,20.0,78.0,546.4947571811562,5
Guwahati,Aug,23.73335383713144,151.91792150925585,90.56158274383236,57.37530807648454,Alluvial,20.0,78.0,546.4947571811562,5
Guwahati,Sep,35.82727120140548,224.27072637033044,83.70337573302079,54.70743996721909,Alluvial,20.0,78.0,546.4947571811562,5
Guwahati,Oct,29.024908554804778,88.21612664144791,64.06993985950952,40.20628644853466,Alluvial,20.0,78.0,546.4947571811562,5
Guwahati,Nov,20.695580228324772,69.44355216862041,79.2717391558713,48.95191453689519,Alluvial,20.0,78.0,546.4947571811562,5
Guwahati,Dec,31.58930973527388,45.92864691929272,59.50239469447922,36.62000975507339,Alluvial,20.0,78.0,546.4947571811562,5
Shillong,Jan,37.610780985063165,26.93066076438391,39.441926197599216,24.203768933847208,Alluvial,20.0,78.0,546.4947571811562,5
Shillong,Feb,32.16232630275574,19.854325660824255,51.133010178056686,31.076892620050497,Alluvial,20.0,78.0,546.4947571811562,5
Shillong,Mar,19.403150170229935,56.611450476529846,88.44333152762297,54.19822792610438,Alluvial,20.0,78.0,546.4947571811562,5
Shillong,Apr,24.578829635668743,204.11443116244013,60.89010377256044,40.616350886785064,Alluvial,20.0,78.0,546.4947571811562,5
Shillong,May,33.334555745933116,162.23988432752324,61.34924030937473,40.0543418721753,Alluvial,20.0,78.0,546.4947571811562,5
Shillong,Jun,23.461652671906094,66.76776196835146,60.502427055876794,37.63681147289311,Alluvial,20.0,78.0,546.4947571811562,5
Shillong,Jul,29.219097140731144,377.4661770700228,93.56204884359511,63.686552847557515,Alluvial,20.0,78.0,546.4947571811562,5
Shillong,Aug,30.873170267146683,60.036803030476655,89.38938373043095,54.834366298868105,Alluvial,20.0,78.0,546.4947571811562,5
Shillong,Sep,22.365347642109583,238.52002427044934,98.281703501722,63.73942258644219,Alluvial,20.0,78.0,546.4947571811562,5
Shillong,Oct,26.702373219691,276.27436055252787,62.61432184399923,43.09408031745009,Alluvial,20.0,78.0,546.4947571811562,5
Shillong,Nov,10.793663299654636,140.0282929754306,69.43436733120643,44.461186258232466,Alluvial,20.0,78.0,546.4947571811562,5
Shillong,Dec,21.878061793328552,56.154552667764726,42.25036175868813,26.473308108568173,Alluvial,20.0,78.0,546.4947571811562,5
Imphal,Jan,25.7371592430342,74.28758648806769,87.15401639177412,53.77816156482582,Alluvial,20.0,78.0,546.4947571811562,5
Imphal,Feb,20.761084090175753,114.99825367329082,47.48330673098097,30.789949112054398,Alluvial,20.0,78.0,546.4947571811562,5
Imphal,Mar,35.16205651965818,27.73891178151613,68.25163345643944,41.505758309493984,Alluvial,20.0,78.0,546.4947571811562,5
Imphal,Apr,19.849293110196836,42.040913967444844,48.54046208550734,29.965095530653304,Alluvial,20.0,78.0,546.4947571811562,5
Imphal,May,24.799777566515083,38.85196113354156,56.16699759891956,34.47723778202256,Alluvial,20.0,78.0,546.4947571811562,5
Imphal,Jun,27.653702886430455,147.5949047070653,52.441063534254496,34.416536214694,Alluvial,20.0,78.0,546.4947571811562,5
Imphal,Jul,34.20636644533058,222.83154262505747,55.881871089862734,37.98575350641879,Alluvial,20.0,78.0,546.4947571811562,5
Imphal,Aug,19.8206892441028,166.6674447754509,56.91315945276532,37.48124456716821,Alluvial,20.0,78.0,546.4947571811562,5
Imphal,Sep,32.815818760774796,198.69673865910812,56.775968076123846,38.03951561885647,Alluvial,20.0,78.0,546.4947571811562,5
Imphal,Oct,27.051165305097935,52.08757893695864,77.50000867670461,47.54175678476194,Alluvial,20.0,78.0,546.4947571811562,5
Imphal,Nov,22.092456744760245,77.02993934396896,48.4270581040622,30.596833649316697,Alluvial,20.0,78.0,546.4947571811562,5
Imphal,Dec,29.310517371316354,81.80173666526736,68.308121405208,42.62090757643014,Alluvial,20.0,78.0,546.4947571811562,5
Agartala,Jan,27.99529847786735,139.63268180360433,83.26938728458337,52.75428600682211,Alluvial,20.0,78.0,546.4947571811562,5
Agartala,Feb,23.998915614206027,57.976888584509986,57.30205453229906,35.54077049106963,Alluvial,20.0,78.0,546.4947571811562,5
Agartala,Mar,27.349010424950094,190.46286960588964,54.23121663878597,36.34798737538937,Alluvial,20.0,78.0,546.4947571811562,5
Agartala,Apr,25.0734320156912,271.2655355119649,61.542130622296234,42.35058908361704,Alluvial,20.0,78.0,546.4947571811562,5
Agartala,May,27.56758672625624,144.72017266089804,82.69587812541064,52.511930328464345,Alluvial,20.0,78.0,546.4947571811562,5
Agartala,Jun,30.310653372605234,74.31102240781077,67.91161446430037,42.23318912673644,Alluvial,20.0,78.0,546.4947571811562,5
Agartala,Jul,34.93008408072676,48.06319626716993,57.03178558088602,35.18033527387501,Alluvial,20.0,78.0,546.4947571811562,5
Agartala,Aug,20.810922505865754,38.93870982203987,72.2581497678206,44.13366405713316,Alluvial,20.0,78.0,546.4947571811562,5
Agartala,Sep,37.665166873281336,11.930541664636777,48.46561775245365,29.317981484764925,Alluvial,20.0,78.0,546.4947571811562,5
Agartala,Oct,17.23956100238749,83.82218753662345,75.22039265664422,46.808679344718996,Alluvial,20.0,78.0,546.4947571811562,5
Agartala,Nov,26.241074524822082,80.0541350300637,71.12910961552652,44.27854846991718,Alluvial,20.0,78.0,546.4947571811562,5
Agartala,Dec,29.941586032422883,182.55695135507128,60.38287293291674,39.880862786851466,Alluvial,20.0,78.0,546.4947571811562,5
Aizawl,Jan,28.404959338675162,61.29337603419677,52.421213023291536,32.67859533465886,Alluvial,20.0,78.0,546.4947571811562,5
Aizawl,Feb,23.88650240089703,87.605366505076,51.69978616574814,32.7719790295504,Alluvial,20.0,78.0,546.4947571811562,5
Aizawl,Mar,25.959388748213623,123.52441812131902,73.02226004518866,46.283844389539574,Alluvial,20.0,78.0,546.4947571811562,5
Aizawl,Apr,24.534995326705836,143.05560778035408,83.43470753733592,52.921936678008635,Alluvial,20.0,78.0,546.4947571811562,5
Aizawl,May,24.053176215278942,168.4074337877315,55.44038379456808,36.63237895249548,Alluvial,20.0,78.0,546.4947571811562,5
Aizawl,Jun,31.248010485105123,114.68745640221388,71.87580055327226,45.41922946000763,Alluvial,20.0,78.0,546.4947571811562,5
Aizawl,Jul,28.785077429825236,29.42911886351518,33.694594720968965,20.80533920985168,Alluvial,20.0,78.0,546.4947571811562,5
Aizawl,Aug,23.535452023696728,134.26461202695214,56.23073404014201,36.42373266462425,Alluvial,20.0,78.0,546.4947571811562,5
Aizawl,Sep,31.497999377166252,57.55574225707095,64.53411600693647,39.871584449303306,Alluvial,20.0,78.0,546.4947571811562,5
Aizawl,Oct,28.536497604383047,229.8522011315628,51.354748745272495,35.40989326979475,Alluvial,20.0,78.0,546.4947571811562,5
Aizawl,Nov,31.0643105941948,101.65675541616118,50.95240437815606,32.60457773521686,Alluvial,20.0,78.0,546.4947571811562,5
Aizawl,Dec,30.14814420961806,119.83192330583024,54.983306652966704,35.38662245789663,Alluvial,20.0,78.0,546.4947571811562,5
Kohima,Jan,22.855024945389637,467.21342559115396,69.38289092489559,50.97400306676043,Alluvial,20.0,78.0,546.4947571811562,5
Kohima,Feb,24.199094799015153,170.4399972338356,62.19006472390438,40.72283877901934,Alluvial,20.0,78.0,546.4947571811562,5
Kohima,Mar,30.736468025616308,132.52535484060948,31.42653150012542,21.506425996887444,Alluvial,20.0,78.0,546.4947571811562,5
Kohima,Apr,30.051851327167324,89.65407802742354,33.18949771047401,21.706780186832873,Alluvial,20.0,78.0,546.4947571811562,5
Kohima,May,26.89549203017926,31.985570527798238,55.89702233214237,34.177924809841386,Alluvial,20.0,78.0,546.4947571811562,5
Kohima,Jun,27.58663691654391,84.66722275553023,71.86529879080328,44.81252372959257,Alluvial,20.0,78.0,546.4947571811562,5
Kohima,Jul,33.388324478942124,47.52761748726066,23.78742735912148,15.2230087652181,Alluvial,20.0,78.0,546.4947571811562,5
Kohima,Aug,24.04214305582085,293.1375043805706,57.50404735772554,40.365178502246735,Alluvial,20.0,78.0,546.4947571811562,5
Kohima,Sep,29.735486905850188,133.79225824401888,57.106282152238684,36.93961445622359,Alluvial,20.0,78.0,546.4947571811562,5
Kohima,Oct,25.98903673783053,224.27868744475222,85.82506667312671,55.98061375277107,Alluvial,20.0,78.0,546.4947571811562,5
Kohima,Nov,25.9115939838639,59.812831866502,59.22467282430705,36.731060331914264,Alluvial,20.0,78.0,546.4947571811562,5
Kohima,Dec,32.49388425993595,50.69100048358035,70.74483477111393,43.46072087233996,Alluvial,20.0,78.0,546.4947571811562,5
Gangtok,Jan,31.12708174494015,159.0899142313123,67.11885710131195,43.45311254541341,Alluvial,20.0,78.0,546.4947571811562,5
Gangtok,Feb,31.067548180003193,45.80474648748587,33.04150280289199,20.740996611484913,Alluvial,20.0,78.0,546.4947571811562,5
Gangtok,Mar,33.52739403577164,69.7979180299965,76.52310824947605,47.30982331028556,Alluvial,20.0,78.0,546.4947571811562,5
Gangtok,Apr,27.105019208163796,302.2838239226929,68.23094758184432,46.98424502756045,Alluvial,20.0,78.0,546.4947571811562,5
Gangtok,May,30.40976485647482,72.12863125226673,72.62402959511884,45.01699038211664,Alluvial,20.0,78.0,546.4947571811562,5
Gangtok,Jun,25.44866621703272,25.457435378628006,100.0,60.50914870757256,Alluvial,20.0,78.0,546.4947571811562,5
Gangtok,Jul,28.62083176244221,16.22006229906032,33.73830590752117,20.56738479049391,Alluvial,20.0,78.0,546.4947571811562,5
Gangtok,Aug,26.349284728161578,22.263011554604,90.87044974641663,54.967530078942055,Alluvial,20.0,78.0,546.4947571811562,5
Gangtok,Sep,27.48497982496359,233.1462443753882,60.688287208994666,41.075897212904565,Alluvial,20.0,78.0,546.4947571811562,5
Gangtok,Oct,29.97578512718457,63.054902058496026,69.30993356604515,42.847058180797006,Alluvial,20.0,78.0,546.4947571811562,5
Gangtok,Nov,22.908896583832636,457.8630951793787,64.31731632048137,47.74765169587639,Alluvial,20.0,78.0,546.4947571811562,5
Gangtok,Dec,37.4619363784273,273.32599791139273,58.63645499902935,40.64839295764546,Alluvial,20.0,78.0,546.4947571811562,5
Itanagar,Jan,21.96991309250149,349.7763058609794,56.452506076418615,40.86702976307076,Alluvial,20.0,78.0,546.4947571811562,5
Itanagar,Feb,20.92905693606134,202.14622152671762,69.94263103359513,46.00850305069143,Alluvial,20.0,78.0,546.4947571811562,5
Itanagar,Mar,32.79055436750034,153.27678991554643,42.24239454992481,28.410972528265816,Alluvial,20.0,78.0,546.4947571811562,5
Itanagar,Apr,30.95831346981468,49.06873144881362,76.25868751282648,46.736587136672156,Alluvial,20.0,78.0,546.4947571811562,5
Itanagar,May,30.120599085260775,99.73884332601267,58.757083926721194,37.24902722255297,Alluvial,20.0,78.0,546.4947571811562,5
Itanagar,Jun,30.1417275463214,164.22237013878973,48.04895991439463,32.11382335141257,Alluvial,20.0,78.0,546.4947571811562,5
Itanagar,Jul,26.938766135765427,193.75046912047634,58.24980713006279,38.8248936604472,Alluvial,20.0,78.0,546.4947571811562,5
Itanagar,Aug,22.51372814257084,35.0726494212642,83.8572382529386,51.01579594018844,Alluvial,20.0,78.0,546.4947571811562,5
Itanagar,Sep,27.37902279096863,85.7367805177154,56.96997369475665,35.8967198272083,Alluvial,20.0,78.0,546.4947571811562,5
Itanagar,Oct,23.61419144243944,93.73133061384375,70.3768042731443,44.100709176163456,Alluvial,20.0,78.0,546.4947571811562,5
Itanagar,Nov,31.875598667088756,90.86282136801859,54.0356558642679,34.23864994592111,Alluvial,20.0,78.0,546.4947571811562,5
Itanagar,Dec,26.264713092489306,39.79673129111803,76.3688277488543,46.61723127513494,Alluvial,20.0,78.0,546.4947571811562,5
Dehradun,Jan,22.872514016037442,323.34185880254586,75.28261608185306,51.63640682516275,Alluvial,20.0,78.0,546.4947571811562,5
Dehradun,Feb,25.393070791735035,83.46252055458082,92.72913249944617,57.306729910759316,Alluvial,20.0,78.0,546.4947571811562,5
Dehradun,Mar,29.06465727137812,42.57237743149482,62.36654081751177,38.271372039136956,Alluvial,20.0,78.0,546.4947571811562,5
Dehradun,Apr,24.181377235980126,328.53429628291286,75.0298220713686,51.58857916847942,Alluvial,20.0,78.0,546.4947571811562,5
Dehradun,May,22.888898022167844,273.4976850225195,66.47101309308417,45.35256155630089,Alluvial,20.0,78.0,546.4947571811562,5
Dehradun,Jun,28.218436057459563,111.31479403926255,84.43807672794522,52.88914191755238,Alluvial,20.0,78.0,546.4947571811562,5
Dehradun,Jul,28.224832855543614,68.07053822190127,54.21751418586904,33.89191927595945,Alluvial,20.0,78.0,546.4947571811562,5
Dehradun,Aug,24.46528412314435,20.355630742249463,76.17507969315922,46.11216043074052,Alluvial,20.0,78.0,546.4947571811562,5
Dehradun,Sep,24.644808471908387,145.2921998821778,62.079540558249775,40.15356833259342,Alluvial,20.0,78.0,546.4947571811562,5
Dehradun,Oct,28.16024968678818,64.15237050833322,64.03717734337253,39.70535381619018,Alluvial,20.0,78.0,546.4947571811562,5
Dehradun,Nov,19.75957829251338,97.8838101628872,66.3762872667256,41.783448563293106,Alluvial,20.0,78.0,546.4947571811562,5
Dehradun,Dec,19.962681128117225,309.67715937939977,68.78360594640016,47.46370675542809,Alluvial,20.0,78.0,546.4947571811562,5
Shimla,Jan,23.40777889373782,60.23010782763525,63.256564353170624,39.158540768455076,Alluvial,20.0,78.0,546.4947571811562,5
Shimla,Feb,25.932764241440765,140.8834024330249,68.22069774755789,43.750086697195236,Alluvial,20.0,78.0,546.4947571811562,5
Shimla,Mar,28.554537827990025,171.85180503988616,88.67177086343277,56.64009861885738,Alluvial,20.0,78.0,546.4947571811562,5
Shimla,Apr,34.37678108474776,228.32440044897854,79.78174528422828,52.435535179516535,Alluvial,20.0,78.0,546.4947571811562,5
Shimla,May,31.288298116010097,92.44098608080603,78.03731888745345,48.6712110540882,Alluvial,20.0,78.0,546.4947571811562,5
Shimla,Jun,26.200307350182864,85.0386156018849,58.16690710964194,36.600916577822865,Alluvial,20.0,78.0,546.4947571811562,5
Shimla,Jul,26.904918960486555,83.4628780911832,51.66138757657514,32.666090107768746,Alluvial,20.0,78.0,546.4947571811562,5
Shimla,Aug,21.987353176810956,131.24049921026824,79.3295083735663,50.22251500834514,Alluvial,20.0,78.0,546.4947571811562,5
Shimla,Sep,26.90743432003805,265.91047992202823,78.14070188794692,52.202630731208714,Alluvial,20.0,78.0,546.4947571811562,5
Shimla,Oct,25.55670680539931,80.4347107037305,87.09006013626473,53.862730295833444,Alluvial,20.0,78.0,546.4947571811562,5
Shimla,Nov,28.613592801690448,5.234042447401663,55.94029061046156,33.66885521522497,Alluvial,20.0,78.0,546.4947571811562,5
Shimla,Dec,22.863845282238387,185.29787458923462,61.55677016959479,40.64001959354157,Alluvial,20.0,78.0,546.4947571811562,5
Srinagar,Jan,29.596732571205862,105.27935126313056,40.407737562118484,26.350229562533702,Alluvial,20.0,78.0,546.4947571811562,5
Srinagar,Feb,34.66369456501289,145.52475161394176,59.11293340908691,38.378255077730984,Alluvial,20.0,78.0,546.4947571811562,5
Srinagar,Mar,26.456199257715713,21.229793993024362,79.94855765869171,48.393730475075515,Alluvial,20.0,78.0,546.4947571811562,5
Srinagar,Apr,29.008558610494706,64.36279638979282,58.002569311577034,36.088797514742076,Alluvial,20.0,78.0,546.4947571811562,5
Srinagar,May,30.450719958555563,175.00310467904436,74.60719692801236,48.2643802503883,Alluvial,20.0,78.0,546.4947571811562,5
Srinagar,Jun,24.993897640570818,30.911304449829785,62.14245341003283,37.90369813501629,Alluvial,20.0,78.0,546.4947571811562,5
Srinagar,Jul,28.120462409052084,140.65532132988128,69.86085542332341,44.729619680591675,Alluvial,20.0,78.0,546.4947571811562,5
Srinagar,Aug,27.062962003908975,97.264551023148,47.78462915276499,30.616068512121956,Alluvial,20.0,78.0,546.4947571811562,5
Srinagar,Sep,27.48838049274416,53.20893665268357,66.27814174450852,40.83106377975878,Alluvial,20.0,78.0,546.4947571811562,5
Srinagar,Oct,23.13495108072267,49.45265761885322,20.13296043648915,13.068829414270553,Alluvial,20.0,78.0,546.4947571811562,5
Srinagar,Nov,27.122550871294713,40.148330636428554,62.19655762757023,38.120901189270704,Alluvial,20.0,78.0,546.4947571811562,5
Srinagar,Dec,29.489991456227248,104.85419262054032,40.5429013442729,26.422824658974548,Alluvial,20.0,78.0,546.4947571811562,5
Jammu,Jan,34.25571803897521,114.29919164358412,83.08991774820224,52.13993448179302,Alluvial,20.0,78.0,546.4947571811562,5
Jammu,Feb,31.796354130426035,74.17922853523933,76.66111029146766,47.48025074558538,Alluvial,20.0,78.0,546.4947571811562,5
Jammu,Mar,37.76591228755778,37.82074052616653,72.00006472949121,43.95645364821806,Alluvial,20.0,78.0,546.4947571811562,5
Jammu,Apr,23.163262185559752,137.77068320112463,87.8150934073907,55.444469708456914,Alluvial,20.0,78.0,546.4947571811562,5
Jammu,May,31.361603183603393,187.6318330575786,50.766252187627444,34.212387973728035,Alluvial,20.0,78.0,546.4947571811562,5
Jammu,Jun,27.91671002869176,156.03508644634562,91.21044796873338,57.84697051016693,Alluvial,20.0,78.0,546.4947571811562,5
Jammu,Jul,37.94901466608836,359.0313632938275,78.98287346390578,54.570351344220015,Alluvial,20.0,78.0,546.4947571811562,5
Jammu,Aug,22.958508573224243,86.49139352916359,61.45167069171581,38.60083028561276,Alluvial,20.0,78.0,546.4947571811562,5
Jammu,Sep,22.801390789096118,248.77674144761806,82.03430220774416,54.19611615359886,Alluvial,20.0,78.0,546.4947571811562,5
Jammu,Oct,24.00303677277989,57.84525583769823,48.40559731382549,30.200263505049257,Alluvial,20.0,78.0,546.4947571811562,5
Jammu,Nov,16.380521378450965,49.990359427369995,52.632287577084895,32.57917973479834,Alluvial,20.0,78.0,546.4947571811562,5
Jammu,Dec,24.371224891596196,109.8061394177272,55.8711541514045,35.71881527919724,Alluvial,20.0,78.0,546.4947571811562,5
Amritsar,Jan,23.20433669223151,286.0205068743926,57.06533437903977,39.959610764911716,Alluvial,20.0,78.0,546.4947571811562,5
Amritsar,Feb,27.75196893238104,79.05669968007689,49.15163535859621,31.07211520875926,Alluvial,20.0,78.0,546.4947571811562,5
Amritsar,Mar,28.708779878885796,21.212020252318343,83.34624600642988,50.4319880089043,Alluvial,20.0,78.0,546.4947571811562,5
Amritsar,Apr,36.38085419607943,185.18856213913674,61.117183994452525,40.374081639454246,Alluvial,20.0,78.0,546.4947571811562,5
Amritsar,May,31.75211919093025,94.09111747540908,70.2875745253532,44.0543670647201,Alluvial,20.0,78.0,546.4947571811562,5
Amritsar,Jun,24.115481721687985,124.97226539012968,56.44472950379479,36.36628301007947,Alluvial,20.0,78.0,546.4947571811562,5
Amritsar,Jul,22.50792664325821,52.33891198144881,37.69095049177224,23.661348534692323,Alluvial,20.0,78.0,546.4947571811562,5
Amritsar,Aug,29.459595857532527,109.03299355996542,69.05086037587134,43.61117609672211,Alluvial,20.0,78.0,546.4947571811562,5
Amritsar,Sep,20.398833964896788,24.84290343088946,36.31617536870335,22.286563289839798,Alluvial,20.0,78.0,546.4947571811562,5
Amritsar,Oct,36.157293829271765,326.6056686994111,63.97048930871797,44.91440695921901,Alluvial,20.0,78.0,546.4947571811562,5
Amritsar,Nov,32.897200603606436,209.15890437477347,44.47527441750785,30.868342738000177,Alluvial,20.0,78.0,546.4947571811562,5
Amritsar,Dec,24.654121739476476,105.3486904477273,94.80913998846212,58.99245780203182,Alluvial,20.0,78.0,546.4947571811562,5
Ludhiana,Jan,18.434327354545612,181.66751525913813,78.67044083262083,50.83561480475525,Alluvial,20.0,78.0,546.4947571811562,5
Ludhiana,Feb,33.76936187082706,57.97518660228891,66.5863068690722,41.111287853489095,Alluvial,20.0,78.0,546.4947571811562,5
Ludhiana,Mar,26.42730077373691,202.87753225981407,83.95560016482003,54.430910744088294,Alluvial,20.0,78.0,546.4947571811562,5
Ludhiana,Apr,33.18908155986731,76.24532096035156,52.305260338013966,32.90806262201541,Alluvial,20.0,78.0,546.4947571811562,5
Ludhiana,May,19.027861706028165,71.87895918818339,73.15219068005139,45.3288935917945,Alluvial,20.0,78.0,546.4947571811562,5
Ludhiana,Jun,24.003124885231134,42.76188145021274,67.99715650578071,41.653531532472684,Alluvial,20.0,78.0,546.4947571811562,5
Ludhiana,Jul,27.026218498590914,136.53140214881284,68.96030122000505,44.106808774979285,Alluvial,20.0,78.0,546.4947571811562,5
Ludhiana,Aug,27.23490296882371,101.88778714294611,84.08530250160152,52.48893724381983,Alluvial,20.0,78.0,546.4947571811562,5
Ludhiana,Sep,24.74967264260378,254.12556205124486,75.98738154169703,50.674940166043115,Alluvial,20.0,78.0,546.4947571811562,5
Ludhiana,Oct,30.114249661737492,38.216905393759205,69.33085494237535,42.36285107330039,Alluvial,20.0,78.0,546.4947571811562,5
Ludhiana,Nov,21.661897853087027,136.98071188103523,40.17668845657556,26.84562731156604,Alluvial,20.0,78.0,546.4947571811562,5
Ludhiana,Dec,26.288102574893532,223.0538755723869,50.59930557080804,34.820660853932566,Alluvial,20.0,78.0,546.4947571811562,5
Jalandhar,Jan,27.601478158559495,115.82529128870272,63.15936599606414,40.21212542341253,Alluvial,20.0,78.0,546.4947571811562,5
Jalandhar,Feb,29.572194170293745,75.0625622172358,66.40058561414976,41.34160261283457,Alluvial,20.0,78.0,546.4947571811562,5
Jalandhar,Mar,30.55807439044445,113.62474238713696,48.046944129891145,31.100661325677425,Alluvial,20.0,78.0,546.4947571811562,5
Jalandhar,Apr,21.376789540810655,240.71934875531454,100.0,64.81438697510629,Alluvial,20.0,78.0,546.4947571811562,5
Jalandhar,May,19.32942914632189,240.65222987882072,87.74591082880359,57.460591094858565,Alluvial,20.0,78.0,546.4947571811562,5
Jalandhar,Jun,33.38838410949255,91.13042164260116,74.03177480588725,46.24167331638437,Alluvial,20.0,78.0,546.4947571811562,5
Jalandhar,Jul,28.661570059897958,237.86424735849542,66.08055291925618,44.40561669872361,Alluvial,20.0,78.0,546.4947571811562,5
Jalandhar,Aug,23.25756731721723,98.23908589157793,61.81686545148273,39.054900988721194,Alluvial,20.0,78.0,546.4947571811562,5
Jalandhar,Sep,34.75575987761262,180.26948546726229,50.72122309966647,34.03812356914512,Alluvial,20.0,78.0,546.4947571811562,5
Jalandhar,Oct,27.578373171464293,148.6094653227466,66.16220777778294,42.669513973124694,Alluvial,20.0,78.0,546.4947571811562,5
Jalandhar,Nov,32.89648592031913,72.6205387171116,68.86628810214125,42.77218363562699,Alluvial,20.0,78.0,546.4947571811562,5
Jalandhar,Dec,27.337592407050543,44.216287429533814,46.37359136777563,28.708480569256054,Alluvial,20.0,78.0,546.4947571811562,5
Meerut,Jan,37.303739624409936,227.01406819853315,70.01264625867346,46.547869119174734,Alluvial,20.0,78.0,546.4947571811562,5
Meerut,Feb,35.77670421221602,270.1893666648748,62.67111426762877,43.00645589387475,Alluvial,20.0,78.0,546.4947571811562,5
Meerut,Mar,25.75517925760463,134.6460336668967,36.382886631839135,24.522652652441415,Alluvial,20.0,78.0,546.4947571811562,5
Meerut,Apr,31.85785475477178,98.13750055311809,52.09422483830747,33.219284914046845,Alluvial,20.0,78.0,546.4947571811562,5
Meerut,May,30.226879747925736,33.65337207579951,58.79591699867534,35.95061764072119,Alluvial,20.0,78.0,546.4947571811562,5
Meerut,Jun,33.843157787661745,223.09266743880275,93.31531486010286,60.45104226483777,Alluvial,20.0,78.0,546.4947571811562,5
Meerut,Jul,22.17538269709948,123.5875578894803,73.34829686800637,46.48072927859343,Alluvial,20.0,78.0,546.4947571811562,5
Meerut,Aug,30.430257299992196,81.25606930495101,44.96777646350163,28.605787264199996,Alluvial,20.0,78.0,546.4947571811562,5
Meerut,Sep,32.292122434247936,183.8121545548942,72.29054434126455,47.05056969585661,Alluvial,20.0,78.0,546.4947571811562,5
Meerut,Oct,18.20630256788443,27.77670505330689,41.79044016592452,25.62979820062085,Alluvial,20.0,78.0,546.4947571811562,5
Meerut,Nov,21.083707436671126,40.804886510505696,81.2403658083061,49.56031721519377,Alluvial,20.0,78.0,546.4947571811562,5
Meerut,Dec,16.803839111199498,56.15299204490078,57.93313022273182,35.88293797453711,Alluvial,20.0,78.0,546.4947571811562,5
Noida,Jan,25.652965827777212,145.3227811816042,63.59545716891244,41.06372992497955,Alluvial,20.0,78.0,546.4947571811562,5
Noida,Feb,30.58771127897981,114.56530630479566,84.88694971313285,53.22347595397562,Alluvial,20.0,78.0,546.4947571811562,5
Noida,Mar,34.51178526048014,157.66290252812294,45.692546471236255,30.568785933304213,Alluvial,20.0,78.0,546.4947571811562,5
Noida,Apr,27.370473902098876,212.93788438339453,44.04322722330513,30.68469402165097,Alluvial,20.0,78.0,546.4947571811562,5
Noida,May,35.14307772785646,161.6681427681014,56.246010104809926,36.98096891824798,Alluvial,20.0,78.0,546.4947571811562,5
Noida,Jun,20.099492708925542,331.15962294000775,80.57568276528974,54.968602117974,Alluvial,20.0,78.0,546.4947571811562,5
Noida,Jul,18.483087803224226,212.60226523096568,42.209808867847364,29.57793062532773,Alluvial,20.0,78.0,546.4947571811562,5
Noida,Aug,26.722261505516904,90.96214474373426,22.517666028341466,15.329842511879566,Alluvial,20.0,78.0,546.4947571811562,5
Noida,Sep,28.920327244696537,64.0011096930197,58.23261712386502,36.21959246817941,Alluvial,20.0,78.0,546.4947571811562,5
Noida,Oct,26.836526259529535,93.14997032597775,73.27611199866381,45.82866660571784,Alluvial,20.0,78.0,546.4947571811562,5
Noida,Nov,16.662789499800617,165.63499464981697,83.00392624608244,53.11505564064581,Alluvial,20.0,78.0,546.4947571811562,5
Noida,Dec,26.55439980243606,69.91817528806688,58.05257956871902,36.22991124699275,Alluvial,20.0,78.0,546.4947571811562,5
Faridabad,Jan,20.477652497475734,168.8389965711658,58.82860089325996,38.67394046737929,Alluvial,20.0,78.0,546.4947571811562,5
Faridabad,Feb,30.348362744150194,155.64081616173235,82.30851101383621,52.49792293153637,Alluvial,20.0,78.0,546.4947571811562,5
Faridabad,Mar,28.83299123048424,43.63314711495543,36.95387450456869,23.04498764504032,Alluvial,20.0,78.0,546.4947571811562,5
Faridabad,Apr,22.300601068363225,209.91156288160838,59.17218837225486,39.70154428098508,Alluvial,20.0,78.0,546.4947571811562,5
Faridabad,May,24.430665413316532,131.23323899141513,67.85635834887587,43.33847978915382,Alluvial,20.0,78.0,546.4947571811562,5
Faridabad,Jun,21.70393239055524,320.6547629802668,71.73828081927552,49.456063751170646,Alluvial,20.0,78.0,546.4947571811562,5
Faridabad,Jul,26.68660451363414,98.50329361179023,57.35289960213676,36.381805633517864,Alluvial,20.0,78.0,546.4947571811562,5
Faridabad,Aug,31.775711602506192,78.3061852689751,65.51661517558762,40.876092810732075,Alluvial,20.0,78.0,546.4947571811562,5
Faridabad,Sep,22.07136976832228,38.57335497041854,27.67508969880516,17.37652091869147,Alluvial,20.0,78.0,546.4947571811562,5
Faridabad,Oct,29.520232577589223,37.99666765416904,55.126273814992274,33.83569764207875,Alluvial,20.0,78.0,546.4947571811562,5
Faridabad,Nov,24.348711908137794,193.14945575116568,71.80263068831701,46.944567528013515,Alluvial,20.0,78.0,546.4947571811562,5
Faridabad,Dec,23.03563583868828,299.64376238424757,50.265589486179806,36.152228939392835,Alluvial,20.0,78.0,546.4947571811562,5
Gurgaon,Jan,26.464848200227213,92.12562965009162,65.88476332384396,41.37337058730821,Alluvial,20.0,78.0,546.4947571811562,5
Gurgaon,Feb,21.82378838790313,87.48485879108785,71.70308751204047,44.77154968304604,Alluvial,20.0,78.0,546.4947571811562,5
Gurgaon,Mar,24.23175347326409,105.5249550688871,59.86176198713353,38.02755629365785,Alluvial,20.0,78.0,546.4947571811562,5
Gurgaon,Apr,21.010610537055758,219.69781369891095,67.55695656494856,44.92813021294736,Alluvial,20.0,78.0,546.4947571811562,5
Gurgaon,May,36.82362566458195,43.994439399423044,50.55901152073082,31.21529570042695,Alluvial,20.0,78.0,546.4947571811562,5
Gurgaon,Jun,27.176317759858645,119.62369120732028,61.9008308045593,39.53297230688199,Alluvial,20.0,78.0,546.4947571811562,5
Gurgaon,Jul,23.50137246003707,196.15508937053784,74.15324254383833,48.41504731371376,Alluvial,20.0,78.0,546.4947571811562,5
Gurgaon,Aug,28.06989955367111,144.05307624633357,67.35459441452652,43.29381817364258,Alluvial,20.0,78.0,546.4947571811562,5
Gurgaon,Sep,26.43835975154585,2.7551385665738026,56.202030956540966,33.77632134525606,Alluvial,20.0,78.0,546.4947571811562,5
Gurgaon,Oct,25.895152002333884,162.23447787265042,68.36324606436189,44.26263719607014,Alluvial,20.0,78.0,546.4947571811562,5
Gurgaon,Nov,30.070833500217127,145.05409973551548,75.71914685954927,48.33257011043987,Alluvial,20.0,78.0,546.4947571811562,5
Gurgaon,Dec,30.787538550236526,248.60358033352588,34.25088082133783,25.522600099473216,Alluvial,20.0,78.0,546.4947571811562,5
Varanasi,Jan,24.34749426194736,284.0894761847403,82.38611097433846,55.11345610829788,Alluvial,20.0,78.0,546.4947571811562,5
Varanasi,Feb,24.1209087967766,240.34624834278242,59.95617891978392,40.780632318726,Alluvial,20.0,78.0,546.4947571811562,5
Varanasi,Mar,25.62474151424178,105.95760807517078,71.38234899860345,44.94856156066548,Alluvial,20.0,78.0,546.4947571811562,5
Varanasi,Apr,15.490394176322075,20.161580470992895,82.95870385467842,50.17845392222691,Alluvial,20.0,78.0,546.4947571811562,5
Varanasi,May,19.42404468900724,86.98529390272952,44.42489454154301,28.394642602980397,Alluvial,20.0,78.0,546.4947571811562,5
Varanasi,Jun,33.83437133722262,103.41559713038576,54.3583849635868,34.68334292075979,Alluvial,20.0,78.0,546.4947571811562,5
Varanasi,Jul,35.22483856750642,297.14528095218924,60.67176956186443,42.34596735616244,Alluvial,20.0,78.0,546.4947571811562,5
Varanasi,Aug,25.75481980221811,52.809194905403984,53.24369718313358,33.002402207988226,Alluvial,20.0,78.0,546.4947571811562,5
Varanasi,Sep,29.882784815278832,28.64148743769417,91.02404863755213,55.18725893128516,Alluvial,20.0,78.0,546.4947571811562,5
Varanasi,Oct,28.556250772717682,70.2962083868316,52.148418592598105,32.694975323295495,Alluvial,20.0,78.0,546.4947571811562,5
Varanasi,Nov,42.39440404227619,55.38279367798841,56.666798307697,35.10773485817797,Alluvial,20.0,78.0,546.4947571811562,5
Varanasi,Dec,32.59787455717289,25.83414496732694,68.06583547404465,41.35618418377333,Alluvial,20.0,78.0,546.4947571811562,5
Prayagraj,Jan,26.360412042596167,93.69981275640137,46.96775710885866,30.054650520443225,Alluvial,20.0,78.0,546.4947571811562,5
Prayagraj,Feb,22.22229779699787,106.52264649632293,59.06478932365604,37.56932652412008,Alluvial,20.0,78.0,546.4947571811562,5
Prayagraj,Mar,18.96776839871214,24.257580179742952,69.76179891875263,42.342230954846436,Alluvial,20.0,78.0,546.4947571811562,5
Prayagraj,Apr,28.017318179336115,77.91008442905287,60.00709393426233,37.562458049138456,Alluvial,20.0,78.0,546.4947571811562,5
Prayagraj,May,23.218246273578483,52.32053432092625,63.599197116500775,39.20592895631899,Alluvial,20.0,78.0,546.4947571811562,5
Prayagraj,Jun,19.88873145201163,109.1771214590495,57.06001831327444,36.41955341714565,Alluvial,20.0,78.0,546.4947571811562,5
Prayagraj,Jul,23.767135578787368,117.4398761680796,42.282945362288494,27.71856474073469,Alluvial,20.0,78.0,546.4947571811562,5
Prayagraj,Aug,21.592259981928024,52.329943741054365,69.82389817008858,42.940937776874236,Alluvial,20.0,78.0,546.4947571811562,5
Prayagraj,Sep,35.43570817536282,208.64739549076893,91.32399607470862,58.967345554640545,Alluvial,20.0,78.0,546.4947571811562,5
Prayagraj,Oct,31.408198784747253,101.65989359662154,65.27602446175158,41.198812548983376,Alluvial,20.0,78.0,546.4947571811562,5
Prayagraj,Nov,26.960136793416915,54.55190739358369,68.37896175871325,42.118415203099616,Alluvial,20.0,78.0,546.4947571811562,5
Prayagraj,Dec,34.39972069445013,22.604529379220907,75.39084132675289,45.686595383636146,Alluvial,20.0,78.0,546.4947571811562,5
Gorakhpur,Jan,27.38684153823809,122.15148501265028,45.96004255179952,30.019055231332718,Alluvial,20.0,78.0,546.4947571811562,5
Gorakhpur,Feb,22.69357899335868,144.8083212384594,90.53771987194409,57.218798347935646,Alluvial,20.0,78.0,546.4947571811562,5
Gorakhpur,Mar,34.61562038634828,67.05518129368544,68.03493194634203,42.16206279367892,Alluvial,20.0,78.0,546.4947571811562,5
Gorakhpur,Apr,29.694550218423295,111.80694634900865,89.47785348633664,55.92285101878216,Alluvial,20.0,78.0,546.4947571811562,5
Gorakhpur,May,21.81376922836772,284.08052210202015,54.00450506714016,38.0843134823245,Alluvial,20.0,78.0,546.4947571811562,5
Gorakhpur,Jun,26.04830660958196,186.79696226068404,92.27092883836737,59.098496548234095,Alluvial,20.0,78.0,546.4947571811562,5
Gorakhpur,Jul,22.621908733076214,8.776732437540366,76.62733241052175,46.15193409506385,Alluvial,20.0,78.0,546.4947571811562,5
Gorakhpur,Aug,20.086001345178317,53.998035799524494,73.29560128778537,45.057321488661714,Alluvial,20.0,78.0,546.4947571811562,5
Gorakhpur,Sep,31.630887737658206,90.17355436155528,68.51036681529722,42.90969117640943,Alluvial,20.0,78.0,546.4947571811562,5
Gorakhpur,Oct,36.54708320235065,106.07182681064262,61.27207072888326,38.884678973542805,Alluvial,20.0,78.0,546.4947571811562,5
Gorakhpur,Nov,20.007162130904295,113.6410803668998,83.0079748771081,52.077606533602854,Alluvial,20.0,78.0,546.4947571811562,5
Gorakhpur,Dec,29.814846183452854,138.28738442549977,67.1053980477207,43.028986517142414,Alluvial,20.0,78.0,546.4947571811562,5
Bareilly,Jan,23.746787154390866,92.5561390652093,35.49395444619272,23.147495449019814,Alluvial,20.0,78.0,546.4947571811562,5
Bareilly,Feb,24.56437308117652,101.46720320911207,48.242203074394965,30.97466590881922,Alluvial,20.0,78.0,546.4947571811562,5
Bareilly,Mar,24.038030378805654,193.4895234442699,62.21231371710879,41.19717869915067,Alluvial,20.0,78.0,546.4947571811562,5
Bareilly,Apr,22.68004615160092,123.93009274205018,69.64998474748333,44.268592703331,Alluvial,20.0,78.0,546.4947571811562,5
Bareilly,May,27.242608139724133,34.99423277117246,64.15117266650157,39.190588255324386,Alluvial,20.0,78.0,546.4947571811562,5
Bareilly,Jun,22.84524941794481,108.64690510770141,83.28456184690495,52.143675210297,Alluvial,20.0,78.0,546.4947571811562,5
Bareilly,Jul,28.352284128899193,90.37030946323839,35.733472039420626,23.247489412917144,Alluvial,20.0,78.0,546.4947571811562,5
Bareilly,Aug,26.748809452754315,13.588288940344446,67.1538190475774,40.56405720735333,Alluvial,20.0,78.0,546.4947571811562,5
Bareilly,Sep,25.80525976566795,112.90053578444737,37.730311619192676,24.896197687204552,Alluvial,20.0,78.0,546.4947571811562,5
Bareilly,Oct,22.46218168979201,39.65071839187351,76.39568443226253,46.63042502719499,Alluvial,20.0,78.0,546.4947571811562,5
Bareilly,Nov,24.116143347158335,195.45914895378033,63.58311928336996,42.05905454909758,Alluvial,20.0,78.0,546.4947571811562,5
Bareilly,Dec,30.77695612912878,136.87442946258923,71.29414958036178,45.51397833746885,Alluvial,20.0,78.0,546.4947571811562,5
Moradabad,Jan,29.504585938121902,33.109281966768165,52.04175559115351,31.887238994027467,Alluvial,20.0,78.0,546.4947571811562,5
Moradabad,Feb,22.112223776007244,189.43094635174873,84.19197397486627,54.30380331195474,Alluvial,20.0,78.0,546.4947571811562,5
Moradabad,Mar,27.49666152714613,251.2865569537605,80.62586996088277,53.401253115604874,Alluvial,20.0,78.0,546.4947571811562,5
Moradabad,Apr,30.756935616858947,81.85503471988497,73.75316454517832,45.88899942150469,Alluvial,20.0,78.0,546.4947571811562,5
Moradabad,May,18.652973594393142,89.95309599831492,63.057241297048385,39.63340669819533,Alluvial,20.0,78.0,546.4947571811562,5
Moradabad,Jun,29.716800961899676,176.87066430163839,73.69785927942698,47.75612885368895,Alluvial,20.0,78.0,546.4947571811562,5
Moradabad,Jul,23.686881205270765,238.8795876574206,54.39661148018977,37.41555864126227,Alluvial,20.0,78.0,546.4947571811562,5
Moradabad,Aug,29.852993342965796,18.592148330537164,77.83333488531068,47.071843897797145,Alluvial,20.0,78.0,546.4947571811562,5
Moradabad,Sep,23.183704217287417,37.0631571079975,89.74221341485881,54.586591191075236,Alluvial,20.0,78.0,546.4947571811562,5
Moradabad,Oct,17.975589496677404,71.43448590718103,81.05915839968779,50.0641847579563,Alluvial,20.0,78.0,546.4947571811562,5
Moradabad,Nov,18.862287810584185,77.98715865971582,54.055962952888855,33.993320944927625,Alluvial,20.0,78.0,546.4947571811562,5
Moradabad,Dec,27.24042473330691,173.36544865514819,70.42125975909654,45.72006482856089,Alluvial,20.0,78.0,546.4947571811562,5
Aligarh,Jan,28.29861250860741,239.70669330322417,45.60287684362028,32.15585997223665,Alluvial,20.0,78.0,546.4947571811562,5
Aligarh,Feb,22.478416874477958,251.74763614817923,73.58585466763513,49.18646552354467,Alluvial,20.0,78.0,546.4947571811562,5
Aligarh,Mar,30.19296229388687,18.06861353797137,71.75905119293809,43.41680298652228,Alluvial,20.0,78.0,546.4947571811562,5
Aligarh,Apr,18.6923996886552,49.66524251887647,36.952754907017535,23.16495779458805,Alluvial,20.0,78.0,546.4947571811562,5
Aligarh,May,26.66960100676342,60.77022135853815,47.57324234131454,29.759349831959486,Alluvial,20.0,78.0,546.4947571811562,5
Aligarh,Jun,20.944919001187717,49.48409767231914,60.752916548843494,37.44143188275248,Alluvial,20.0,78.0,546.4947571811562,5
Aligarh,Jul,23.740819460989204,136.57544743813983,60.48710379288761,39.023771224495356,Alluvial,20.0,78.0,546.4947571811562,5
Aligarh,Aug,27.23699335658207,148.56414582773326,46.857845968717925,31.085990497785417,Alluvial,20.0,78.0,546.4947571811562,5
Aligarh,Sep,22.69793317358024,100.49829224740483,70.83468094028275,44.51077440911775,Alluvial,20.0,78.0,546.4947571811562,5
Aligarh,Oct,25.077222278850872,93.31040725265716,68.77210413410768,43.12947062551775,Alluvial,20.0,78.0,546.4947571811562,5
Aligarh,Nov,32.0314640460722,73.99003399155048,62.08596302032221,38.731378492024334,Alluvial,20.0,78.0,546.4947571811562,5
Aligarh,Dec,24.115540652384254,81.26341553423502,53.66312749762456,33.82314480925944,Alluvial,20.0,78.0,546.4947571811562,5
Agra,Jan,31.17846056032571,281.97681489232315,80.73060689624845,54.07790043559553,Alluvial,20.0,78.0,546.4947571811562,5
Agra,Feb,21.351465726711908,164.2835067296035,89.83110669632443,57.18433415238672,Alluvial,20.0,78.0,546.4947571811562,5
Agra,Mar,29.649020889576413,76.30713038166408,57.746577742301945,36.17408925301445,Alluvial,20.0,78.0,546.4947571811562,5
Agra,Apr,34.207843103289505,91.91656005509715,55.81749624267769,35.328828946708555,Alluvial,20.0,78.0,546.4947571811562,5
Agra,May,14.641777499363553,138.84349335708734,72.36811498117994,46.197738855849714,Alluvial,20.0,78.0,546.4947571811562,5
Agra,Jun,23.015523722647615,33.09860000090696,59.629559303795205,36.43970758229526,Alluvial,20.0,78.0,546.4947571811562,5
Agra,Jul,29.8853606359027,111.48600658295629,62.909041990051485,39.975145325690015,Alluvial,20.0,78.0,546.4947571811562,5
Agra,Aug,25.984773069785035,158.01253552171488,76.09479727587006,48.81712907595634,Alluvial,20.0,78.0,546.4947571811562,5
Agra,Sep,28.855729366856544,144.0284077679176,36.359658687390606,24.696363367792713,Alluvial,20.0,78.0,546.4947571811562,5
Agra,Oct,23.980074066420897,50.549039539121296,84.77453487279004,51.87570171445645,Alluvial,20.0,78.0,546.4947571811562,5
Agra,Nov,27.4329489373645,59.206461655505,66.09020786494013,40.838253952074176,Alluvial,20.0,78.0,546.4947571811562,5
Agra,Dec,26.221613823039604,11.689214318802483,58.8276028315673,35.53034598531643,Alluvial,20.0,78.0,546.4947571811562,5
Gwalior,Jan,32.838910308299035,169.84040546983118,63.661487686678264,41.59370072140358,Alluvial,20.0,78.0,546.4947571811562,5
Gwalior,Feb,28.272104216506065,362.0523658727464,64.43644032530779,45.9029115126396,Alluvial,20.0,78.0,546.4947571811562,5
Gwalior,Mar,28.68801331037601,44.352448480945,39.031980448326124,24.30623723861457,Alluvial,20.0,78.0,546.4947571811562,5
Gwalior,Apr,24.940615169387662,211.81929522537024,87.42407341179853,56.69082995158652,Alluvial,20.0,78.0,546.4947571811562,5
Gwalior,May,24.561968879637533,341.32346665840987,65.61988448405927,46.19840002360376,Alluvial,20.0,78.0,546.4947571811562,5
Gwalior,Jun,24.837209060901895,68.11406647330598,71.64503195671062,44.34930050349249,Alluvial,20.0,78.0,546.4947571811562,5
Gwalior,Jul,28.972260711891483,92.01572970845955,79.27324655861064,49.404262529335575,Alluvial,20.0,78.0,546.4947571811562,5
Gwalior,Aug,24.895077595898684,120.97038681403247,49.6825631365955,32.228945618237944,Alluvial,20.0,78.0,546.4947571811562,5
Gwalior,Sep,28.448874284482066,140.77819003126484,72.10207848552842,46.07681089194235,Alluvial,20.0,78.0,546.4947571811562,5
Gwalior,Oct,37.37700399322719,125.80971353955886,60.985383636518094,39.10742445270203,Alluvial,20.0,78.0,546.4947571811562,5
Gwalior,Nov,31.355623517158463,72.62739675686002,77.7015616282474,48.07348491208564,Alluvial,20.0,78.0,546.4947571811562,5
Gwalior,Dec,25.369882339160796,156.28715218030624,33.09158869472757,22.980696260442667,Alluvial,20.0,78.0,546.4947571811562,5
Jabalpur,Jan,33.00606961081972,74.01542734848972,63.51358549638096,39.58845984479837,Alluvial,20.0,78.0,546.4947571811562,5
Jabalpur,Feb,24.959623134892244,132.14647192974954,55.95769016324058,36.21754353653934,Alluvial,20.0,78.0,546.4947571811562,5
Jabalpur,Mar,16.80937732411073,97.75039531082528,71.48394425951233,44.8453744619239,Alluvial,20.0,78.0,546.4947571811562,5
Jabalpur,Apr,21.95956844541298,15.940080816883789,72.05066281052304,43.549199302651495,Alluvial,20.0,78.0,546.4947571811562,5
Jabalpur,May,17.646040394870724,233.0560128257081,54.38561157766961,37.292487203115925,Alluvial,20.0,78.0,546.4947571811562,5
Jabalpur,Jun,25.24243257979346,60.59272331562918,54.31739203735935,33.80228968872819,Alluvial,20.0,78.0,546.4947571811562,5
Jabalpur,Jul,27.092091895947757,248.7144096368463,63.34001947164006,42.978299875720964,Alluvial,20.0,78.0,546.4947571811562,5
Jabalpur,Aug,35.382186561376415,206.13426073237378,51.55036659027188,35.0529051688106,Alluvial,20.0,78.0,546.4947571811562,5
Jabalpur,Sep,28.634636868820813,118.30787436660471,77.6297554317819,48.94401074640123,Alluvial,20.0,78.0,546.4947571811562,5
Jabalpur,Oct,25.90449735595568,146.04094430941046,59.461891993288305,38.59795408216119,Alluvial,20.0,78.0,546.4947571811562,5
Jabalpur,Nov,31.147027905917447,158.76660466695327,21.395176710175377,16.01243811944429,Alluvial,20.0,78.0,546.4947571811562,5
Jabalpur,Dec,15.944323454960575,85.47985261645346,59.37766915067291,37.33619854273281,Alluvial,20.0,78.0,546.4947571811562,5
Ujjain,Jan,28.178072790542828,88.73413528404303,49.421842687340416,31.427788318085106,Alluvial,20.0,78.0,546.4947571811562,5
Ujjain,Feb,30.854325969434832,153.38285397312853,40.53086276808582,27.38617474031406,Alluvial,20.0,78.0,546.4947571811562,5
Ujjain,Mar,19.607068771100792,98.5578150365714,46.43860042666141,29.834316556728275,Alluvial,20.0,78.0,546.4947571811562,5
Ujjain,Apr,32.71877021603464,72.82347371745493,66.64112707749455,41.441145720845824,Alluvial,20.0,78.0,546.4947571811562,5
Ujjain,May,28.69248203747207,51.28526538565087,84.92961242372347,51.9834727619471,Alluvial,20.0,78.0,546.4947571811562,5
Ujjain,Jun,24.923560430495993,134.96006092213923,69.6977671079747,44.517861483227605,Alluvial,20.0,78.0,546.4947571811562,5
Ujjain,Jul,30.163909330531425,58.886463055603606,55.90244917676391,34.71919876717041,Alluvial,20.0,78.0,546.4947571811562,5
Ujjain,Aug,38.35346428902198,182.77918764055957,71.83856292756055,46.75872150934752,Alluvial,20.0,78.0,546.4947571811562,5
Ujjain,Sep,27.909331275292477,193.4881296195263,58.113645346715124,38.7379498004196,Alluvial,20.0,78.0,546.4947571811562,5
Ujjain,Oct,28.24110293150168,145.24106362301418,54.58099446255283,35.653417949991976,Alluvial,20.0,78.0,546.4947571811562,5
Ujjain,Nov,24.70319550229878,167.33717582809942,47.684559976505234,31.95747950246513,Alluvial,20.0,78.0,546.4947571811562,5
Ujjain,Dec,22.75077815267604,145.54853358633179,38.72256789872421,26.144511410961158,Alluvial,20.0,78.0,546.4947571811562,5
Surat,Jan,31.151679082721227,175.69523641719886,59.15114440160832,39.00459136930897,Alluvial,20.0,78.0,546.4947571811562,5
Surat,Feb,22.719580870455665,170.54498439886152,67.37080234880197,43.83338109725841,Alluvial,20.0,78.0,546.4947571811562,5
Surat,Mar,27.357831186096963,129.76809971181373,63.550644949776654,40.725748964102266,Alluvial,20.0,78.0,546.4947571811562,5
Surat,Apr,24.611712766174417,207.90749832288014,58.76049608078962,39.41444761493137,Alluvial,20.0,78.0,546.4947571811562,5
Surat,May,29.39489912873196,87.89324016272255,50.813809089548286,32.24615025698342,Alluvial,20.0,78.0,546.4947571811562,5
Surat,Jun,28.66831052643474,52.6862099447232,74.12369287527453,45.52793992405918,Alluvial,20.0,78.0,546.4947571811562,5
Surat,Jul,32.1876997212895,50.32149973428854,45.24302120080122,28.152242715166505,Alluvial,20.0,78.0,546.4947571811562,5
Surat,Aug,24.449918005726264,77.99193351293862,76.64041870765213,47.544089894850046,Alluvial,20.0,78.0,546.4947571811562,5
Surat,Sep,25.650625323533145,13.348829716780683,49.96674471609913,30.24702342399509,Alluvial,20.0,78.0,546.4947571811562,5
Surat,Oct,22.106181421088465,117.44824674834679,53.71347143970448,34.57704779878962,Alluvial,20.0,78.0,546.4947571811562,5
Surat,Nov,24.77853369961944,160.2502263684425,42.998222140764845,29.003937811827758,Alluvial,20.0,78.0,546.4947571811562,5
Surat,Dec,28.88650246522426,191.62327305421945,57.47896779671545,38.31984613911366,Alluvial,20.0,78.0,546.4947571811562,5
Vadodara,Jan,30.78494308322676,20.012958961638635,79.62968687716969,48.17807130553458,Alluvial,20.0,78.0,546.4947571811562,5
Vadodara,Feb,22.389173379111874,51.790797275190556,72.73442132665934,44.67646874149942,Alluvial,20.0,78.0,546.4947571811562,5
Vadodara,Mar,31.3480296005283,178.9937799871646,79.67633168042053,51.385674607995604,Alluvial,20.0,78.0,546.4947571811562,5
Vadodara,Apr,33.778189294024756,85.72512898919159,72.83213818900904,45.41378549318926,Alluvial,20.0,78.0,546.4947571811562,5
Vadodara,May,29.067174516118506,157.73600330132652,48.44495257204446,32.2216916092532,Alluvial,20.0,78.0,546.4947571811562,5
Vadodara,Jun,36.38397906279033,31.446648474844608,60.03816163508664,36.65182995054887,Alluvial,20.0,78.0,546.4947571811562,5
Vadodara,Jul,23.131054004482134,246.7602110512044,53.29701306323806,36.91341205896693,Alluvial,20.0,78.0,546.4947571811562,5
Vadodara,Aug,20.776726483442914,29.020171326330704,84.95862356058561,51.55557756287798,Alluvial,20.0,78.0,546.4947571811562,5
Vadodara,Sep,18.106398755478608,114.9276343268435,47.04817030360533,30.52745486870007,Alluvial,20.0,78.0,546.4947571811562,5
Vadodara,Oct,34.480221557445915,117.13515364628407,78.40546534083666,49.38598227742767,Alluvial,20.0,78.0,546.4947571811562,5
Vadodara,Nov,30.27182828177029,66.54759987823292,78.39430805163154,48.367536828543585,Alluvial,20.0,78.0,546.4947571811562,5
Vadodara,Dec,26.722076645447725,141.6229128610803,92.4443030257413,58.299040072666386,Alluvial,20.0,78.0,546.4947571811562,5
Rajkot,Jan,28.399843131599102,144.4858570335527,58.85470111055754,38.20253780700558,Alluvial,20.0,78.0,546.4947571811562,5
Rajkot,Feb,21.372554763508116,133.58023265149373,75.68483239370244,48.08250408925134,Alluvial,20.0,78.0,546.4947571811562,5
Rajkot,Mar,39.228759898084135,65.52978009588597,99.22477754808264,60.8454621307673,Alluvial,20.0,78.0,546.4947571811562,5
Rajkot,Apr,27.646105909876137,55.26314099528662,55.73537484599455,34.54648772750246,Alluvial,20.0,78.0,546.4947571811562,5
Rajkot,May,27.546973973024464,71.52934724488155,41.974396287014606,26.615224717106393,Alluvial,20.0,78.0,546.4947571811562,5
Rajkot,Jun,30.62883311949346,48.865605380301346,36.79984949138354,23.057221802436153,Alluvial,20.0,78.0,546.4947571811562,5
Rajkot,Jul,29.405046158683568,214.39387873584587,75.69068043291998,49.7022858344689,Alluvial,20.0,78.0,546.4947571811562,5
Rajkot,Aug,28.119420121395656,76.6910004694083,36.75274687912125,23.585468136860914,Alluvial,20.0,78.0,546.4947571811562,5
Rajkot,Sep,23.04762772277344,112.50913533740906,59.41521420593116,37.89931123030688,Alluvial,20.0,78.0,546.4947571811562,5
Rajkot,Oct,29.357341785679978,178.494476509485,71.5596978055844,46.50570821354034,Alluvial,20.0,78.0,546.4947571811562,5
Rajkot,Nov,36.41012248237517,46.74836016315121,67.7776330524487,41.60154703473224,Alluvial,20.0,78.0,546.4947571811562,5
Rajkot,Dec,33.72710023077489,27.78029155562593,71.38167296276258,43.38460960877006,Alluvial,20.0,78.0,546.4947571811562,5
Bhavnagar,Jan,34.965933133196984,49.017718410506035,68.33434783701281,41.98096307041781,Alluvial,20.0,78.0,546.4947571811562,5
Bhavnagar,Feb,24.443921617844076,121.74783910439643,84.1829871997009,52.94474910190847,Alluvial,20.0,78.0,546.4947571811562,5
Bhavnagar,Mar,22.051975898707095,115.75743965871821,50.71525428891805,32.74430136652519,Alluvial,20.0,78.0,546.4947571811562,5
Bhavnagar,Apr,26.37106539950176,133.39700608218055,54.84507292312203,35.57498387551683,Alluvial,20.0,78.0,546.4947571811562,5
Bhavnagar,May,27.278624561443472,92.21567888994119,53.41010832093764,33.890378570361406,Alluvial,20.0,78.0,546.4947571811562,5
Bhavnagar,Jun,32.47095759235474,5.077635823651238,77.45287717793916,46.573279023236516,Alluvial,20.0,78.0,546.4947571811562,5
Bhavnagar,Jul,18.537676851425903,89.95523106182878,78.50597882592595,48.90269191679214,Alluvial,20.0,78.0,546.4947571811562,5
Bhavnagar,Aug,34.64775159730307,194.96796467207344,71.76837978977763,46.96038716730804,Alluvial,20.0,78.0,546.4947571811562,5
Bhavnagar,Sep,26.209960507105052,229.5619517327682,82.75240500334891,54.24268203666471,Alluvial,20.0,78.0,546.4947571811562,5
Bhavnagar,Oct,24.8655946502629,107.02579036425408,47.32938698935429,30.538148000897653,Alluvial,20.0,78.0,546.4947571811562,5
Bhavnagar,Nov,21.93947812369916,116.07590229311836,90.00836167326706,56.3265350498226,Alluvial,20.0,78.0,546.4947571811562,5
Bhavnagar,Dec,18.725716640671152,155.68281322547057,87.84857932568387,55.82280385991973,Alluvial,20.0,78.0,546.4947571811562,5
Gandhinagar,Jan,31.115852919809573,225.24267226447301,76.0343299586862,50.12545142050118,Alluvial,20.0,78.0,546.4947571811562,5
Gandhinagar,Feb,27.36658983594202,100.04090109224609,91.7269836315659,57.03700820078446,Alluvial,20.0,78.0,546.4947571811562,5
Gandhinagar,Mar,20.55019550129473,154.17231992490497,40.150651884833394,27.173837529398135,Alluvial,20.0,78.0,546.4947571811562,5
Gandhinagar,Apr,20.52460613968192,63.13019042681376,57.133277956060226,35.54257058217241,Alluvial,20.0,78.0,546.4947571811562,5
Gandhinagar,May,25.32107650354936,32.11565341403221,53.97044808977071,33.02458192214307,Alluvial,20.0,78.0,546.4947571811562,5
Gandhinagar,Jun,35.34510762644696,68.83993432409092,75.82218985636015,46.87011260029791,Alluvial,20.0,78.0,546.4947571811562,5
Gandhinagar,Jul,25.702043243181976,259.97540376875855,49.24788890596781,34.74824141895586,Alluvial,20.0,78.0,546.4947571811562,5
Gandhinagar,Aug,19.48428523440947,156.3534297733185,76.36242724006229,48.944524939503744,Alluvial,20.0,78.0,546.4947571811562,5
Gandhinagar,Sep,25.77128467957028,35.18278636825074,85.5580421599507,52.038481023335436,Alluvial,20.0,78.0,546.4947571811562,5
Gandhinagar,Oct,25.636382151261646,161.44491652655674,75.42804350125999,48.48572443128713,Alluvial,20.0,78.0,546.4947571811562,5
Gandhinagar,Nov,13.515566785292142,37.83215654144853,69.25626535492252,42.31040234378248,Alluvial,20.0,78.0,546.4947571811562,5
Gandhinagar,Dec,26.72852566741094,132.08203962050965,50.181899886488765,32.750780724303446,Alluvial,20.0,78.0,546.4947571811562,5
Nashik,Jan,25.84532734895661,45.13787971858461,52.29723550811953,32.2810988992434,Alluvial,20.0,78.0,546.4947571811562,5
Nashik,Feb,30.48103182406709,33.26615460633983,83.74428357945,50.9118932397968,Alluvial,20.0,78.0,546.4947571811562,5
Nashik,Mar,36.244780474726724,288.8382460230104,76.69023505857999,51.7909059556082,Alluvial,20.0,78.0,546.4947571811562,5
Nashik,Apr,32.632825147738785,76.64403874756647,64.41470720933684,40.18170510055343,Alluvial,20.0,78.0,546.4947571811562,5
Nashik,May,25.655556547225846,154.37716251689469,58.73135681351164,38.32635733844488,Alluvial,20.0,78.0,546.4947571811562,5
Nashik,Jun,21.467370456291647,103.20319121054158,34.612881903329345,22.831792966208436,Alluvial,20.0,78.0,546.4947571811562,5
Nashik,Jul,39.8667990162493,40.725840777933065,48.93721371973342,30.176845047398714,Alluvial,20.0,78.0,546.4947571811562,5
Nashik,Aug,27.29609217007244,83.31732189597643,93.67128630709585,57.86911822217704,Alluvial,20.0,78.0,546.4947571811562,5
Nashik,Sep,27.06964645956473,41.06033141166616,45.793166434963,28.29710648921112,Alluvial,20.0,78.0,546.4947571811562,5
Nashik,Oct,26.879374564449982,427.46747554100386,67.84219731831621,49.2546679018098,Alluvial,20.0,78.0,546.4947571811562,5
Nashik,Nov,27.990423803839274,173.9186743869003,80.11165959792798,51.54536924649479,Alluvial,20.0,78.0,546.4947571811562,5
Nashik,Dec,26.278197940380288,101.75031441911966,46.17615997996562,29.740702276361766,Alluvial,20.0,78.0,546.4947571811562,5
Aurangabad,Jan,24.131689965598817,148.64835984631816,67.77065712171625,43.635361469956116,Alluvial,20.0,78.0,546.4947571811562,5
Aurangabad,Feb,24.26570529379804,166.27880330719907,79.06873306265983,50.766815903739875,Alluvial,20.0,78.0,546.4947571811562,5
Aurangabad,Mar,26.836233648920008,166.5838787013032,65.18748982860876,42.444171471191325,Alluvial,20.0,78.0,546.4947571811562,5
Aurangabad,Apr,24.282876144331176,161.69882425643002,100.0,63.2339764851286,Alluvial,20.0,78.0,546.4947571811562,5
Aurangabad,May,23.435771086614178,153.20340034616322,39.97101111682707,27.046674677019507,Alluvial,20.0,78.0,546.4947571811562,5
Aurangabad,Jun,27.532151138459483,108.0990677778484,80.88092794825818,50.690538124511875,Alluvial,20.0,78.0,546.4947571811562,5
Aurangabad,Jul,25.725113912895722,274.37370742729325,62.407973939053036,42.932258511977686,Alluvial,20.0,78.0,546.4947571811562,5
Aurangabad,Aug,34.51996494291345,113.31294141722249,76.57880232255013,48.213540221874524,Alluvial,20.0,78.0,546.4947571811562,5
Aurangabad,Sep,13.745150958034941,103.99376243089797,71.61960727548869,45.05163961391117,Alluvial,20.0,78.0,546.4947571811562,5
Aurangabad,Oct,32.45753425961231,114.0368996863858,54.002657043350055,34.68233221973775,Alluvial,20.0,78.0,546.4947571811562,5
Aurangabad,Nov,33.23042596248815,120.11178765427555,68.4349458868901,43.46320328521958,Alluvial,20.0,78.0,546.4947571811562,5
Aurangabad,Dec,16.63304883795925,20.189873847151887,37.13147822902569,22.682684414358448,Alluvial,20.0,78.0,546.4947571811562,5
Solapur,Jan,25.286562029598258,48.57414812830344,74.0487125085709,45.40071046770861,Alluvial,20.0,78.0,546.4947571811562,5
Solapur,Feb,25.142795670021044,92.2132566495767,69.47237698985788,43.527691326906265,Alluvial,20.0,78.0,546.4947571811562,5
Solapur,Mar,19.962441526410892,19.083483405405634,74.57990252964653,45.129611185896024,Alluvial,20.0,78.0,546.4947571811562,5
Solapur,Apr,23.110916562045624,101.6266010185795,80.87177487630726,50.555596946155944,Alluvial,20.0,78.0,546.4947571811562,5
Solapur,May,21.447120772670857,118.9556089002643,70.51429760314566,44.68769073989268,Alluvial,20.0,78.0,546.4947571811562,5
Solapur,Jun,35.761352217118116,30.70371166989513,67.22134129697415,40.94687901158239,Alluvial,20.0,78.0,546.4947571811562,5
Solapur,Jul,31.678391965737305,59.45181858841904,51.78397495008062,32.25942134181675,Alluvial,20.0,78.0,546.4947571811562,5
Solapur,Aug,33.35777547497079,235.7517254026567,54.316688545264235,37.30504763521168,Alluvial,20.0,78.0,546.4947571811562,5
Solapur,Sep,30.608360320216175,149.71751881475873,82.80101930265997,52.67496195789115,Alluvial,20.0,78.0,546.4947571811562,5
Solapur,Oct,21.354741143913856,143.7694670900988,86.54503108558967,54.802407993155775,Alluvial,20.0,78.0,546.4947571811562,5
Solapur,Nov,24.37739866860113,216.86558181865698,61.42834345531919,41.19431770956465,Alluvial,20.0,78.0,546.4947571811562,5
Solapur,Dec,29.44687280613959,49.423353755584145,65.69004120879912,40.402491800391154,Alluvial,20.0,78.0,546.4947571811562,5
Kolhapur,Jan,20.889360955540273,30.794999626473928,51.43078437509351,31.47437061758558,Alluvial,20.0,78.0,546.4947571811562,5
Kolhapur,Feb,30.56499215086194,197.63193828672036,82.59135267901168,53.50745037314141,Alluvial,20.0,78.0,546.4947571811562,5
Kolhapur,Mar,25.798373009209325,94.2314760050601,74.98125235537668,46.873380933327205,Alluvial,20.0,78.0,546.4947571811562,5
Kolhapur,Apr,25.125895962252013,48.25674124996979,94.11826154695623,57.43609175317314,Alluvial,20.0,78.0,546.4947571811562,5
Kolhapur,May,30.554799841017456,20.010278038328412,51.82515384230392,31.49529786614892,Alluvial,20.0,78.0,546.4947571811562,5
Kolhapur,Jun,29.2213165574302,115.00337834367306,59.32988151472674,37.897996475709505,Alluvial,20.0,78.0,546.4947571811562,5
Kolhapur,Jul,25.1951691709046,85.99012248973405,68.47168883788359,42.802815752524836,Alluvial,20.0,78.0,546.4947571811562,5
Kolhapur,Aug,32.79664901682124,74.78912858021599,74.69734306588656,46.31418841113626,Alluvial,20.0,78.0,546.4947571811562,5
Kolhapur,Sep,21.594683362000513,7.889822964986527,61.764985436785516,37.21678772137104,Alluvial,20.0,78.0,546.4947571811562,5
Kolhapur,Oct,30.07967803472132,272.01430447030054,51.90558364319449,36.583636275322704,Alluvial,20.0,78.0,546.4947571811562,5
Kolhapur,Nov,29.96550628984192,25.28386145792749,78.22111293385356,47.438344989470686,Alluvial,20.0,78.0,546.4947571811562,5
Kolhapur,Dec,25.452267803430047,80.73463251144194,75.81703043818372,47.10491091313907,Alluvial,20.0,78.0,546.4947571811562,5
Mysore,Jan,28.63066511121059,70.2997483361996,51.25588849154413,32.15952806165047,Alluvial,20.0,78.0,546.4947571811562,5
Mysore,Feb,20.744432118073483,152.86796922665025,85.33164201658244,54.25634459448247,Alluvial,20.0,78.0,546.4947571811562,5
Mysore,Mar,31.620135096034506,20.264064470633038,82.55298063794905,49.93706967218209,Alluvial,20.0,78.0,546.4947571811562,5
Mysore,Apr,26.075489317785056,140.24174452055306,67.01444745871689,43.01350336564119,Alluvial,20.0,78.0,546.4947571811562,5
Mysore,May,24.386384897404803,115.42609704026233,66.19396793564054,42.02490270218957,Alluvial,20.0,78.0,546.4947571811562,5
Mysore,Jun,32.245046129184445,56.98814258041415,73.31086656673861,45.12628279165145,Alluvial,20.0,78.0,546.4947571811562,5
Mysore,Jul,23.478281547286205,136.74964731243807,52.074453946156126,33.979665313942434,Alluvial,20.0,78.0,546.4947571811562,5
Mysore,Aug,19.957693518182204,101.49052529277002,65.45047218746123,41.30009381833214,Alluvial,20.0,78.0,546.4947571811562,5
Mysore,Sep,19.216854132380483,314.9893438121707,32.714246830862294,25.928334974760787,Alluvial,20.0,78.0,546.4947571811562,5
Mysore,Oct,30.030049756728197,85.92956517039009,78.14683468254404,48.606692112934226,Alluvial,20.0,78.0,546.4947571811562,5
Mysore,Nov,20.597853237518585,42.704145494954005,41.57760166337211,25.800643907922343,Alluvial,20.0,78.0,546.4947571811562,5
Mysore,Dec,35.77397090992182,141.23725896023248,87.55129742643499,55.35552363506564,Alluvial,20.0,78.0,546.4947571811562,5
Mangalore,Jan,16.59035296058139,77.6579232239952,60.04819859050325,37.58207761878185,Alluvial,20.0,78.0,546.4947571811562,5
Mangalore,Feb,35.48228184145019,99.94512254162179,61.82499527103235,39.093899613451846,Alluvial,20.0,78.0,546.4947571811562,5
Mangalore,Mar,28.05508733601309,31.048967757944737,55.583991408732416,33.971374200398344,Alluvial,20.0,78.0,546.4947571811562,5
Mangalore,Apr,26.516434440648037,154.5145952923539,60.679416891168856,39.497942040548395,Alluvial,20.0,78.0,546.4947571811562,5
Mangalore,May,24.275404565955252,67.83072290222609,86.27797017722055,53.12339656437685,Alluvial,20.0,78.0,546.4947571811562,5
Mangalore,Jun,28.995680571760353,122.04101653951628,27.68287015197381,19.050542421974612,Alluvial,20.0,78.0,546.4947571811562,5
Mangalore,Jul,26.81182648787576,366.75524681770924,84.15448079132281,57.82779341114787,Alluvial,20.0,78.0,546.4947571811562,5
Mangalore,Aug,32.516509410082605,82.05995829293212,70.07035221652562,43.68341049577401,Alluvial,20.0,78.0,546.4947571811562,5
Mangalore,Sep,27.571138243310198,169.43073993893697,46.89467528214176,31.525419968063797,Alluvial,20.0,78.0,546.4947571811562,5
Mangalore,Oct,27.75150880730939,86.6090349341819,48.87031410426143,31.054369161240498,Alluvial,20.0,78.0,546.4947571811562,5
Mangalore,Nov,25.18193893893072,57.66213503995054,90.14589540812304,55.240779945672834,Alluvial,20.0,78.0,546.4947571811562,5
Mangalore,Dec,26.715271881394663,241.23539662559853,50.81739680085903,35.31514601302739,Alluvial,20.0,78.0,546.4947571811562,5
Hubli,Jan,28.539008844460295,13.904130894524338,47.69974234106061,28.897928022526855,Alluvial,20.0,78.0,546.4947571811562,5
Hubli,Feb,18.449158036716874,200.1037702648847,82.05971813547094,53.23790628658026,Alluvial,20.0,78.0,546.4947571811562,5
Hubli,Mar,20.259072889471433,11.86033601518292,70.07829314428871,42.28418260687688,Alluvial,20.0,78.0,546.4947571811562,5
Hubli,Apr,30.716320470113576,186.2990292629961,50.93111635195402,34.284650396432326,Alluvial,20.0,78.0,546.4947571811562,5
Hubli,May,27.854327190639708,101.10966649503224,68.24937463106929,42.971818108542216,Alluvial,20.0,78.0,546.4947571811562,5
Hubli,Jun,26.080083318236603,42.81392094196282,49.61370974539584,30.62450426607676,Alluvial,20.0,78.0,546.4947571811562,5
Hubli,Jul,27.092169665326967,71.66859259121259,81.51232097633908,50.340764437627705,Alluvial,20.0,78.0,546.4947571811562,5
Hubli,Aug,28.737908526808354,163.13912750489516,80.920564473097,51.815121233956106,Alluvial,20.0,78.0,546.4947571811562,5
Hubli,Sep,24.301201598453193,344.51045329583735,72.98009298232915,50.67826485531424,Alluvial,20.0,78.0,546.4947571811562,5
Hubli,Oct,23.108476372988438,21.183083217050466,70.42491591870525,42.67861121556416,Alluvial,20.0,78.0,546.4947571811562,5
Hubli,Nov,27.979226275488408,45.28697492729449,91.41782187301061,55.75643262235226,Alluvial,20.0,78.0,546.4947571811562,5
Hubli,Dec,22.10813611192484,28.296515917446886,64.99529491082338,39.56310726484296,Alluvial,20.0,78.0,546.4947571811562,5
Belgaum,Jan,29.041263778572358,86.05448460987138,47.27188811868798,30.084222563410215,Alluvial,20.0,78.0,546.4947571811562,5
Belgaum,Feb,18.4870819788108,189.72709035127457,71.7421086924846,46.839807022516254,Alluvial,20.0,78.0,546.4947571811562,5
Belgaum,Mar,32.14577818662822,24.450179670540003,96.2907057430567,58.26342703924482,Alluvial,20.0,78.0,546.4947571811562,5
Belgaum,Apr,29.362987412065216,99.06651393849627,49.77860760221222,31.848494840097253,Alluvial,20.0,78.0,546.4947571811562,5
Belgaum,May,28.28014867156938,185.63018080777408,59.57805849959021,39.45943871590961,Alluvial,20.0,78.0,546.4947571811562,5
Belgaum,Jun,31.91345491972757,70.82051655501834,71.2466905715218,44.16442467401344,Alluvial,20.0,78.0,546.4947571811562,5
Belgaum,Jul,35.32737222231288,116.21561896657471,64.19142726491391,40.83916873827984,Alluvial,20.0,78.0,546.4947571811562,5
Belgaum,Aug,32.07185032509065,229.51497464568922,50.26544629434028,34.749567269517954,Alluvial,20.0,78.0,546.4947571811562,5
Belgaum,Sep,17.795628843341774,37.864724385364475,81.82786784345706,49.85401519378152,Alluvial,20.0,78.0,546.4947571811562,5
Belgaum,Oct,20.602115166321493,15.813913640211407,99.80061083025889,60.19664477095956,Alluvial,20.0,78.0,546.4947571811562,5
Belgaum,Nov,23.875907111521606,126.85989026058942,67.94197188535861,43.30238093642696,Alluvial,20.0,78.0,546.4947571811562,5
Belgaum,Dec,27.13045525105417,129.42082511473953,51.43897565396,33.45180189467079,Alluvial,20.0,78.0,546.4947571811562,5
Tirupati,Jan,29.588295102345615,66.80817573163029,41.76559212419787,26.39551878915133,Alluvial,20.0,78.0,546.4947571811562,5
Tirupati,Feb,23.371280934232672,56.260449260564585,68.86963971831771,42.44699281620192,Alluvial,20.0,78.0,546.4947571811562,5
Tirupati,Mar,27.93383382238539,102.66883120462678,81.55816014974387,50.988272713938855,Alluvial,20.0,78.0,546.4947571811562,5
Tirupati,Apr,23.22308533823339,37.21205373735097,72.12751619743072,44.02075079320545,Alluvial,20.0,78.0,546.4947571811562,5
Tirupati,May,23.942410985040258,37.26902058672041,64.9639423862172,39.72374584346473,Alluvial,20.0,78.0,546.4947571811562,5
Tirupati,Jun,19.96669451575889,162.39473421144345,56.160925223160405,36.94444981812511,Alluvial,20.0,78.0,546.4947571811562,5
Tirupati,Jul,22.38383376944548,34.799657135248914,48.617545509228655,29.86652044824217,Alluvial,20.0,78.0,546.4947571811562,5
Tirupati,Aug,20.24157697191833,17.03987555281792,77.52126989487323,46.853559447980295,Alluvial,20.0,78.0,546.4947571811562,5
Tirupati,Sep,22.120633735113337,56.16249929544814,78.70657432078379,48.34719457837923,Alluvial,20.0,78.0,546.4947571811562,5
Tirupati,Oct,32.2682089830392,68.16842116767965,41.814053199639005,26.451800343136995,Alluvial,20.0,78.0,546.4947571811562,5
Tirupati,Nov,22.253005555840286,140.2308972898081,88.84758467271025,56.113168749422314,Alluvial,20.0,78.0,546.4947571811562,5
Tirupati,Dec,40.161910324186955,60.49023103639752,73.61106831341002,45.376445608773956,Alluvial,20.0,78.0,546.4947571811562,5
Vijayawada,Jan,29.466589504404446,255.59238581778635,85.99391967718691,56.70819952266787,Alluvial,20.0,78.0,546.4947571811562,5
Vijayawada,Feb,27.92418061847437,106.75536763827515,44.868083772723274,29.055957616399464,Alluvial,20.0,78.0,546.4947571811562,5
Vijayawada,Mar,22.708211099093933,49.548956088792465,44.51263766876842,27.698561723036903,Alluvial,20.0,78.0,546.4947571811562,5
Vijayawada,Apr,30.501549397044958,136.03620430803232,62.765460353490546,40.38000029825497,Alluvial,20.0,78.0,546.4947571811562,5
Vijayawada,May,24.12181086881113,252.59644931762392,72.54176640342791,48.57698882840923,Alluvial,20.0,78.0,546.4947571811562,5
Vijayawada,Jun,27.610049073226808,159.3190557935319,91.94541234390445,58.353628522213306,Alluvial,20.0,78.0,546.4947571811562,5
Vijayawada,Jul,39.800422691343975,22.91156989859517,75.59118370722697,45.81294162230808,Alluvial,20.0,78.0,546.4947571811562,5
Vijayawada,Aug,26.51970050137675,73.10894697618639,61.3597808478195,38.278047448215425,Alluvial,20.0,78.0,546.4947571811562,5
Vijayawada,Sep,32.74636663142838,120.65938789050931,49.60446188501162,32.17586488881715,Alluvial,20.0,78.0,546.4947571811562,5
Vijayawada,Oct,23.48411787437056,154.74326883766835,83.45000859078725,53.164870531225716,Alluvial,20.0,78.0,546.4947571811562,5
Vijayawada,Nov,26.82505754751519,86.4702877918153,50.52941861373928,32.047056924079875,Alluvial,20.0,78.0,546.4947571811562,5
Vijayawada,Dec,35.85400317817755,77.16098887280128,89.42702832158483,55.19943677040692,Alluvial,20.0,78.0,546.4947571811562,5
Visakhapatnam,Jan,23.865164711061162,313.47101554443174,60.73423025590236,42.70995846443005,Alluvial,20.0,78.0,546.4947571811562,5
Visakhapatnam,Feb,36.062242789984644,160.959693428719,88.85873108926776,56.534432522135035,Alluvial,20.0,78.0,546.4947571811562,5
Visakhapatnam,Mar,30.538759677277376,136.33964418949097,75.18396935088917,47.83717449432332,Alluvial,20.0,78.0,546.4947571811562,5
Visakhapatnam,Apr,24.18766612052866,62.688598538290755,62.94506765836313,39.02081256578369,Alluvial,20.0,78.0,546.4947571811562,5
Visakhapatnam,May,30.162038695277605,36.69715761385253,57.2090544226081,35.05937580584191,Alluvial,20.0,78.0,546.4947571811562,5
Visakhapatnam,Jun,31.86277224813365,138.05297692137992,59.886381839808806,38.69288864231288,Alluvial,20.0,78.0,546.4947571811562,5
Visakhapatnam,Jul,30.10904981108598,173.28452560920925,71.42475038562856,46.320540743561324,Alluvial,20.0,78.0,546.4947571811562,5
Visakhapatnam,Aug,19.148876400547717,99.5671602522874,66.15734744326575,41.68575167100519,Alluvial,20.0,78.0,546.4947571811562,5
Visakhapatnam,Sep,23.364314120875658,161.25961358490716,56.09282887896942,36.880889599079794,Alluvial,20.0,78.0,546.4947571811562,5
Visakhapatnam,Oct,25.762406822242475,164.13077406477635,62.515528845235515,40.79193278843684,Alluvial,20.0,78.0,546.4947571811562,5
Visakhapatnam,Nov,26.62783285449977,181.24441739595966,66.17865544578724,43.33208161539154,Alluvial,20.0,78.0,546.4947571811562,5
Visakhapatnam,Dec,30.103360487753392,22.485185738106683,33.06898858377782,20.291096865028827,Alluvial,20.0,78.0,546.4947571811562,5
Madurai,Jan,27.888505004666268,74.81569569508275,71.87252172183048,44.619826946999936,Alluvial,20.0,78.0,546.4947571811562,5
Madurai,Feb,20.323278206449494,144.01074963872034,50.3041816292479,33.06272397032315,Alluvial,20.0,78.0,546.4947571811562,5
Madurai,Mar,28.900989255029817,103.90521388659555,47.700013951913824,30.698112648880205,Alluvial,20.0,78.0,546.4947571811562,5
Madurai,Apr,30.052928726419115,164.485695131201,39.689834793339344,27.103614778627623,Alluvial,20.0,78.0,546.4947571811562,5
Madurai,May,29.7989522396552,136.28120638497734,38.091612531981646,25.580591646888532,Alluvial,20.0,78.0,546.4947571811562,5
Madurai,Jun,32.40390362777311,8.753385395447177,44.668287453315656,26.976040179898337,Alluvial,20.0,78.0,546.4947571811562,5
Madurai,Jul,31.16961077274452,211.3333048686491,54.36468563554264,36.84547747869857,Alluvial,20.0,78.0,546.4947571811562,5
Madurai,Aug,29.295900396142184,67.30613127974235,94.29888706289853,57.92545486333396,Alluvial,20.0,78.0,546.4947571811562,5
Madurai,Sep,26.649171442706766,46.951821711851444,57.11180486157194,35.20611935118019,Alluvial,20.0,78.0,546.4947571811562,5
Madurai,Oct,18.69519533242004,206.62137966613741,67.66625159402047,44.732178549735025,Alluvial,20.0,78.0,546.4947571811562,5
Madurai,Nov,29.148091095662927,155.81132771285903,71.00722079759493,45.72055903281414,Alluvial,20.0,78.0,546.4947571811562,5
Madurai,Dec,28.038438435815557,226.31709708454844,66.96597779323773,44.7059286176336,Alluvial,20.0,78.0,546.4947571811562,5
Coimbatore,Jan,28.357894185976868,121.6321086036905,63.8383480891101,40.73565102553987,Alluvial,20.0,78.0,546.4947571811562,5
Coimbatore,Feb,20.616257120898453,74.03654760790856,47.07059354601133,29.72308707976497,Alluvial,20.0,78.0,546.4947571811562,5
Coimbatore,Mar,21.594717297958688,111.5231026187517,86.76391322418817,54.288809986887934,Alluvial,20.0,78.0,546.4947571811562,5
Coimbatore,Apr,32.26576426666452,39.57984162011566,92.10794965456827,56.056366625143276,Alluvial,20.0,78.0,546.4947571811562,5
Coimbatore,May,26.802224230716725,27.556660220332166,39.76011958815971,24.40720495730247,Alluvial,20.0,78.0,546.4947571811562,5
Coimbatore,Jun,30.40750348686312,58.74801107569028,49.639571136704305,30.958702903536388,Alluvial,20.0,78.0,546.4947571811562,5
Coimbatore,Jul,27.141591880652307,272.0586844536594,60.802844864344905,41.92288060768013,Alluvial,20.0,78.0,546.4947571811562,5
Coimbatore,Aug,27.148780697478728,63.97388761964767,50.53193307634713,31.59863759820123,Alluvial,20.0,78.0,546.4947571811562,5
Coimbatore,Sep,31.691419029879988,17.48288553301973,72.58948330183797,43.90334769176318,Alluvial,20.0,78.0,546.4947571811562,5
Coimbatore,Oct,24.41977635891313,88.40374181900133,54.0759169639008,34.213625014720506,Alluvial,20.0,78.0,546.4947571811562,5
Coimbatore,Nov,27.480603884704916,63.258509320226246,97.47584101709904,59.75067479666395,Alluvial,20.0,78.0,546.4947571811562,5
Coimbatore,Dec,24.688623556474788,213.92647080421725,82.85822891515394,53.99346676517671,Alluvial,20.0,78.0,546.4947571811562,5
Trichy,Jan,24.82751886283842,259.3946681385057,68.18861045948323,46.10105963846005,Alluvial,20.0,78.0,546.4947571811562,5
Trichy,Feb,25.454139382656802,71.27052614149837,80.40479394979599,49.66828689270756,Alluvial,20.0,78.0,546.4947571811562,5
Trichy,Mar,28.110668858168566,121.54651223976836,81.58850636535963,51.384034064011146,Alluvial,20.0,78.0,546.4947571811562,5
Trichy,Apr,24.606256891682612,129.06343842499746,56.54078767912635,36.50574137597576,Alluvial,20.0,78.0,546.4947571811562,5
Trichy,May,33.278780627867604,96.27854784615141,52.75674133187053,33.57961575604534,Alluvial,20.0,78.0,546.4947571811562,5
Trichy,Jun,22.52696348890248,83.19387417235832,66.17214594454471,41.36716505017399,Alluvial,20.0,78.0,546.4947571811562,5
Trichy,Jul,26.065641779193204,44.1343832852404,77.92454186746916,47.6374127861863,Alluvial,20.0,78.0,546.4947571811562,5
Trichy,Aug,24.801344708629124,14.331541157894335,67.08590597980127,40.538174411038646,Alluvial,20.0,78.0,546.4947571811562,5
Trichy,Sep,34.23488942176866,43.89783009724898,41.345052767135044,25.684988262226007,Alluvial,20.0,78.0,546.4947571811562,5
Trichy,Oct,27.982773882557872,93.67516065249725,52.95763334073737,33.64808321749236,Alluvial,20.0,78.0,546.4947571811562,5
Trichy,Nov,32.159222697343175,24.496563116244612,63.89040704608433,38.82417548997549,Alluvial,20.0,78.0,546.4947571811562,5
Trichy,Dec,19.57219813481514,116.92938016360071,63.865015935112545,40.657597164339535,Alluvial,20.0,78.0,546.4947571811562,5
Tirunelveli,Jan,28.335251329346296,105.46813597062852,94.58813265184712,58.86224231052084,Alluvial,20.0,78.0,546.4947571811562,5
Tirunelveli,Feb,31.448153978117183,63.35029423927487,44.21018086401503,27.793114403194515,Alluvial,20.0,78.0,546.4947571811562,5
Tirunelveli,Mar,27.41141994637712,80.39910785677706,72.58383862753811,45.158285333658405,Alluvial,20.0,78.0,546.4947571811562,5
Tirunelveli,Apr,32.32740187532676,29.33499842187888,87.33669662492434,52.98871794339218,Alluvial,20.0,78.0,546.4947571811562,5
Tirunelveli,May,24.41355774949814,179.02319461417034,99.07174618134194,63.023511601088565,Alluvial,20.0,78.0,546.4947571811562,5
Tirunelveli,Jun,34.0467372009279,176.9373172107791,58.93403865224058,38.89916953555993,Alluvial,20.0,78.0,546.4947571811562,5
Tirunelveli,Jul,38.49449061809625,34.82000086635556,72.37144179080299,44.119265091808906,Alluvial,20.0,78.0,546.4947571811562,5
Tirunelveli,Aug,25.185807197801704,35.81532908386603,73.54640535797971,44.844149796465146,Alluvial,20.0,78.0,546.4947571811562,5
Tirunelveli,Sep,24.77248739299614,44.43727481444513,67.93222597329937,41.648081080268526,Alluvial,20.0,78.0,546.4947571811562,5
Tirunelveli,Oct,34.2669223855885,149.08838813135168,63.51732198141041,41.09216095147328,Alluvial,20.0,78.0,546.4947571811562,5
Tirunelveli,Nov,34.89786072865356,128.76995488739712,71.53963084250069,45.49917760324835,Alluvial,20.0,78.0,546.4947571811562,5
Tirunelveli,Dec,24.385699864233658,205.03978613799447,27.016308721704718,20.31058095578272,Alluvial,20.0,78.0,546.4947571811562,5
Kochi,Jan,24.899065914520712,220.70886693303385,75.23104235093948,49.55280274922436,Alluvial,20.0,78.0,546.4947571811562,5
Kochi,Feb,25.591076955697464,22.10826757031648,66.89266855492951,40.57776648436404,Alluvial,20.0,78.0,546.4947571811562,5
Kochi,Mar,20.277747444828613,145.35725939042896,61.66287654832602,39.90487111680419,Alluvial,20.0,78.0,546.4947571811562,5
Kochi,Apr,22.40674026757901,214.82209480051978,95.70293293579337,61.71820165748641,Alluvial,20.0,78.0,546.4947571811562,5
Kochi,May,21.97929616623966,76.29046029088775,54.87598971814172,34.451403036702786,Alluvial,20.0,78.0,546.4947571811562,5
Kochi,Jun,23.161012174479357,98.18672982594302,58.95386016402454,37.33605069493358,Alluvial,20.0,78.0,546.4947571811562,5
Kochi,Jul,26.826575563066093,87.09344191554823,94.873299533071,58.66584855815356,Alluvial,20.0,78.0,546.4947571811562,5
Kochi,Aug,28.171073662682602,90.15796566829916,52.51908042725215,33.31460756971727,Alluvial,20.0,78.0,546.4947571811562,5
Kochi,Sep,34.75250246407038,178.60265395980718,56.748270755951914,37.621015532767295,Alluvial,20.0,78.0,546.4947571811562,5
Kochi,Oct,22.008229796306047,305.9617155394463,62.79461864853725,43.796005499911274,Alluvial,20.0,78.0,546.4947571811562,5
Kochi,Nov,31.921611992382918,249.71336360953035,77.61101723194324,51.560877611356545,Alluvial,20.0,78.0,546.4947571811562,5
Kochi,Dec,25.930055778872454,65.88038515033884,68.1170376102997,42.1878302691866,Alluvial,20.0,78.0,546.4947571811562,5
Thiruvananthapuram,Jan,26.752681451737836,121.82962995028846,45.610619792716065,29.80296447463541,Alluvial,20.0,78.0,546.4947571811562,5
Thiruvananthapuram,Feb,30.37409746083302,50.746798263173524,57.01747155309216,35.225418897118765,Alluvial,20.0,78.0,546.4947571811562,5
Thiruvananthapuram,Mar,21.386389892188507,55.48105667009361,55.88968350181683,34.64343123449197,Alluvial,20.0,78.0,546.4947571811562,5
Thiruvananthapuram,Apr,28.912048730920255,94.88612862620448,63.84168432165431,40.202733165516676,Alluvial,20.0,78.0,546.4947571811562,5
Thiruvananthapuram,May,27.83226104106528,54.17251924871566,71.38765487944744,43.91604331264278,Alluvial,20.0,78.0,546.4947571811562,5
Thiruvananthapuram,Jun,29.462256320040744,61.462560539123956,71.27308633831959,43.99310301377423,Alluvial,20.0,78.0,546.4947571811562,5
Thiruvananthapuram,Jul,28.44584321953909,119.71410208954903,38.359823689273966,25.41017625535536,Alluvial,20.0,78.0,546.4947571811562,5
Thiruvananthapuram,Aug,39.276500699554475,143.91390587676048,80.95911481341284,51.45374700558291,Alluvial,20.0,78.0,546.4947571811562,5
Thiruvananthapuram,Sep,23.81130007874342,141.19786857014316,68.78853268994935,44.09707698537247,Alluvial,20.0,78.0,546.4947571811562,5
Thiruvananthapuram,Oct,24.345015224990913,142.19917749020283,85.7679807139086,54.30477197814922,Alluvial,20.0,78.0,546.4947571811562,5
Thiruvananthapuram,Nov,23.88429736787618,31.503850810049155,71.66297490936007,43.627861961817025,Alluvial,20.0,78.0,546.4947571811562,5
Thiruvananthapuram,Dec,24.222614404198726,51.76276141837931,81.51984436603644,49.94716184798945,Alluvial,20.0,78.0,546.4947571811562,5
Kozhikode,Jan,23.81306436346741,102.96753167457015,71.9981796717519,45.25825843654254,Alluvial,20.0,78.0,546.4947571811562,5
Kozhikode,Feb,32.94508265553776,208.26451427706866,85.19338634304123,55.28132209136611,Alluvial,20.0,78.0,546.4947571811562,5
Kozhikode,Mar,34.102521239949276,417.59974900797505,72.83375954026668,52.05225070431951,Alluvial,20.0,78.0,546.4947571811562,5
Kozhikode,Apr,24.14626853125262,125.42807521031487,63.53127130335644,40.62732428622016,Alluvial,20.0,78.0,546.4947571811562,5
Kozhikode,May,22.838222134478855,166.95171366910648,99.08652080670322,62.790946757404065,Alluvial,20.0,78.0,546.4947571811562,5
Kozhikode,Jun,29.35707778193202,28.020575332811568,78.33555683419839,47.56174560717526,Alluvial,20.0,78.0,546.4947571811562,5
Kozhikode,Jul,24.238884778595143,163.8486472023995,73.60616631506619,47.4406727330877,Alluvial,20.0,78.0,546.4947571811562,5
Kozhikode,Aug,30.164659088777555,347.3585073525784,45.85543375192496,34.46043039820655,Alluvial,20.0,78.0,546.4947571811562,5
Kozhikode,Sep,28.0146151042565,51.59463266162364,45.675385738046934,28.437124096060632,Alluvial,20.0,78.0,546.4947571811562,5
Kozhikode,Oct,19.42127942501384,63.186053849973966,69.3907322321278,42.89816041627616,Alluvial,20.0,78.0,546.4947571811562,5
Kozhikode,Nov,34.737526006650306,182.45450459306372,67.18281796652361,43.958780871775446,Alluvial,20.0,78.0,546.4947571811562,5
Kozhikode,Dec,35.97938836547761,101.97949820581582,55.78816152487526,35.51248687904147,Alluvial,20.0,78.0,546.4947571811562,5
Kannur,Jan,23.93605654757807,12.828525993446354,67.1147404941809,40.52541481637746,Alluvial,20.0,78.0,546.4947571811562,5
Kannur,Feb,25.061492200320078,66.45986388353437,88.82940392065393,54.626839630063046,Alluvial,20.0,78.0,546.4947571811562,5
Kannur,Mar,28.429326953624525,258.683562826588,75.43103711825448,50.43229352748445,Alluvial,20.0,78.0,546.4947571811562,5
Kannur,Apr,28.672283949935125,79.910662426,47.88487235370893,30.329136660745355,Alluvial,20.0,78.0,546.4947571811562,5
Kannur,May,30.29272136336415,79.85749603439957,63.32736759285584,39.593570476401496,Alluvial,20.0,78.0,546.4947571811562,5
Kannur,Jun,37.05102269383175,174.5655784369998,52.925502787211585,35.246613241066946,Alluvial,20.0,78.0,546.4947571811562,5
Kannur,Jul,26.11526386252975,128.72064329282068,59.18450125387158,38.08511361817936,Alluvial,20.0,78.0,546.4947571811562,5
Kannur,Aug,23.00851377730773,76.4696698950384,58.79576501555536,36.80685240723398,Alluvial,20.0,78.0,546.4947571811562,5
Kannur,Sep,20.103403859927365,59.678000866386895,57.83531626093992,35.89474977389169,Alluvial,20.0,78.0,546.4947571811562,5
Kannur,Oct,23.345349800290403,500.0,46.17296942039908,37.70378165223944,Alluvial,20.0,78.0,546.4947571811562,5
Kannur,Nov,26.834365135631014,230.71622914789944,63.08517977722715,42.465432449294276,Alluvial,20.0,78.0,546.4947571811562,5
Kannur,Dec,35.97278931758894,142.16167639524747,56.59088544729035,36.797764796279154,Alluvial,20.0,78.0,546.4947571811562,5
Panaji,Jan,24.411943504819142,148.66305823924253,21.05826964996598,15.608222954764436,Alluvial,20.0,78.0,546.4947571811562,5
Panaji,Feb,28.118939758194493,90.59373148199963,95.79458036752494,59.28862285015496,Alluvial,20.0,78.0,546.4947571811562,5
Panaji,Mar,26.91788551963624,127.60821285106954,81.33154481325008,51.351091144971434,Alluvial,20.0,78.0,546.4947571811562,5
Panaji,Apr,32.94196636724042,83.23506587612478,59.35548912612506,37.27799479319753,Alluvial,20.0,78.0,546.4947571811562,5
Panaji,May,39.63466212936811,47.48583416650989,65.28228574610898,40.119088130995586,Alluvial,20.0,78.0,546.4947571811562,5
Panaji,Jun,24.345656135398396,131.25128497702062,47.42518479023657,31.080136573682353,Alluvial,20.0,78.0,546.4947571811562,5
Panaji,Jul,24.55280278740889,77.62706054374063,90.43584316716297,55.8140471111726,Alluvial,20.0,78.0,546.4947571811562,5
Panaji,Aug,32.22080438534536,136.1975826139987,93.45933042159668,58.799549905237974,Alluvial,20.0,78.0,546.4947571811562,5
Panaji,Sep,30.40945744813156,154.75648550885867,67.35040592369786,43.50537326439589,Alluvial,20.0,78.0,546.4947571811562,5
Panaji,Oct,36.23353662868017,141.35681831308648,80.35295966278017,51.03891216392982,Alluvial,20.0,78.0,546.4947571811562,5
Panaji,Nov,29.919640926629818,44.03800585856482,67.62930168400885,41.45834112757661,Alluvial,20.0,78.0,546.4947571811562,5
Panaji,Dec,25.203539546064704,71.02966080961825,44.94911841686104,28.39006426630899,Alluvial,20.0,78.0,546.4947571811562,5
Margao,Jan,29.953274153461546,78.8397637359994,58.82264946554514,36.870384954047076,Alluvial,20.0,78.0,546.4947571811562,5
Margao,Feb,32.54351790291454,196.2302431715262,66.97891950157936,44.11195656437813,Alluvial,20.0,78.0,546.4947571811562,5
Margao,Mar,31.102410905986822,189.34797851182148,58.181784218848335,38.696030101545425,Alluvial,20.0,78.0,546.4947571811562,5
Margao,Apr,29.53637015553649,54.491263773579725,61.72020083847446,38.121945778556274,Alluvial,20.0,78.0,546.4947571811562,5
Margao,May,32.33337344794577,30.762264617668947,63.62900663736328,38.79264927477135,Alluvial,20.0,78.0,546.4947571811562,5
Margao,Jun,32.84647795222836,430.3508663586552,63.78682253201808,46.87911084638395,Alluvial,20.0,78.0,546.4947571811562,5
Margao,Jul,33.91079495518763,137.4257111288681,65.78387735746225,42.21884063705471,Alluvial,20.0,78.0,546.4947571811562,5
Margao,Aug,30.243549437948214,26.746428061897525,49.09092400405099,29.989482963668543,Alluvial,20.0,78.0,546.4947571811562,5
Margao,Sep,26.164409598415727,62.322097660928605,54.244757763080955,33.79329661106714,Alluvial,20.0,78.0,546.4947571811562,5
Margao,Oct,27.733568432166614,201.81461341873194,45.73123601450046,31.475033877074914,Alluvial,20.0,78.0,546.4947571811562,5
Margao,Nov,33.03254483254179,364.6813967829039,79.667233245293,55.09396788283388,Alluvial,20.0,78.0,546.4947571811562,5
Margao,Dec,22.91532164506382,326.2080908073981,33.415295872395134,26.573339339585043,Alluvial,20.0,78.0,546.4947571811562,5
Port Blair,Jan,28.843366544364507,133.31717314395954,82.30385514975389,52.04865655273152,Alluvial,20.0,78.0,546.4947571811562,5
Port Blair,Feb,25.033305938363196,100.26169356381547,85.79524095894266,53.4823784466419,Alluvial,20.0,78.0,546.4947571811562,5
Port Blair,Mar,27.143724114674086,40.229571190516204,60.46729119526068,37.08496614096673,Alluvial,20.0,78.0,546.4947571811562,5
Port Blair,Apr,33.39225931303649,106.78522772948912,25.952943682590522,17.707470764144094,Alluvial,20.0,78.0,546.4947571811562,5
Port Blair,May,27.955495340099517,45.44419125063586,59.580341570490646,36.6570887673071,Alluvial,20.0,78.0,546.4947571811562,5
Port Blair,Jun,27.232182740780743,71.60257629087428,64.0372375806677,39.854394074218106,Alluvial,20.0,78.0,546.4947571811562,5
Port Blair,Jul,20.200719295100406,182.3230586791967,49.8410267010663,33.551077194223716,Alluvial,20.0,78.0,546.4947571811562,5
Port Blair,Aug,30.731267830136105,82.90507391321259,57.27172409287636,36.02113593399007,Alluvial,20.0,78.0,546.4947571811562,5
Port Blair,Sep,30.227420905705376,78.53694284601231,87.95292798295027,54.3424956466904,Alluvial,20.0,78.0,546.4947571811562,5
Port Blair,Oct,37.8162736165273,96.16135933917704,74.97390743452611,46.90757164749921,Alluvial,20.0,78.0,546.4947571811562,5
Port Blair,Nov,25.461108825234994,471.3625887999037,51.1315382843285,40.10617474659517,Alluvial,20.0,78.0,546.4947571811562,5
Port Blair,Dec,28.095751638319694,36.23014171014445,41.03601245606852,25.346210307844,Alluvial,20.0,78.0,546.4947571811562,5
